  0
SECTION
  2
HEADER
  9
$ACADVER
  1
AC1032
  9
$ACADMAINTVER
 90
      427
  9
$DWGCODEPAGE
  3
ANSI_1252
  9
$TITLE
  1
Layouts Master
  9
$AUTHOR
  1
Bruno Afonso
  9
$LASTSAVEDBY
  1
HamzaBouhali
  9
$REQUIREDVERSIONS
160
                 0
  9
$INSBASE
 10
0.0
 20
0.0
 30
0.0
  9
$EXTMIN
 10
29.69999999999999
 20
21.0
 30
0.0
  9
$EXTMAX
 10
267.3
 20
189.0
 30
0.0003479093158343
  9
$LIMMIN
 10
0.0
 20
0.0
  9
$LIMMAX
 10
297.0
 20
210.0
  9
$ORTHOMODE
 70
     0
  9
$REGENMODE
 70
     1
  9
$FILLMODE
 70
     1
  9
$QTEXTMODE
 70
     0
  9
$MIRRTEXT
 70
     0
  9
$LTSCALE
 40
0.1
  9
$ATTMODE
 70
     1
  9
$TEXTSIZE
 40
10.49113789017341
  9
$TRACEWID
 40
1.0
  9
$TEXTSTYLE
  7
Fabricom-ISO
  9
$CLAYER
  8
Cross sections
  9
$CELTYPE
  6
ByLayer
  9
$CECOLOR
 62
    18
  9
$CELTSCALE
 40
0.3
  9
$DISPSILH
 70
     0
  9
$DIMSCALE
 40
1.0
  9
$DIMASZ
 40
0.3
  9
$DIMEXO
 40
0.625
  9
$DIMDLI
 40
3.75
  9
$DIMRND
 40
0.0
  9
$DIMDLE
 40
0.0
  9
$DIMEXE
 40
1.25
  9
$DIMTP
 40
0.0
  9
$DIMTM
 40
0.0
  9
$DIMTXT
 40
2.5
  9
$DIMCEN
 40
2.5
  9
$DIMTSZ
 40
0.0
  9
$DIMTOL
 70
     0
  9
$DIMLIM
 70
     0
  9
$DIMTIH
 70
     0
  9
$DIMTOH
 70
     0
  9
$DIMSE1
 70
     0
  9
$DIMSE2
 70
     0
  9
$DIMTAD
 70
     1
  9
$DIMZIN
 70
     8
  9
$DIMBLK
  1

  9
$DIMASO
 70
     1
  9
$DIMSHO
 70
     1
  9
$DIMPOST
  1

  9
$DIMAPOST
  1

  9
$DIMALT
 70
     0
  9
$DIMALTD
 70
     3
  9
$DIMALTF
 40
0.03937007874016
  9
$DIMLFAC
 40
1.0
  9
$DIMTOFL
 70
     1
  9
$DIMTVP
 40
0.0
  9
$DIMTIX
 70
     0
  9
$DIMSOXD
 70
     0
  9
$DIMSAH
 70
     0
  9
$DIMBLK1
  1

  9
$DIMBLK2
  1

  9
$DIMSTYLE
  2
ISO-25
  9
$DIMCLRD
 70
     0
  9
$DIMCLRE
 70
     0
  9
$DIMCLRT
 70
     0
  9
$DIMTFAC
 40
1.0
  9
$DIMGAP
 40
0.625
  9
$DIMJUST
 70
     0
  9
$DIMSD1
 70
     0
  9
$DIMSD2
 70
     0
  9
$DIMTOLJ
 70
     0
  9
$DIMTZIN
 70
     8
  9
$DIMALTZ
 70
     0
  9
$DIMALTTZ
 70
     0
  9
$DIMUPT
 70
     0
  9
$DIMDEC
 70
     2
  9
$DIMTDEC
 70
     2
  9
$DIMALTU
 70
     2
  9
$DIMALTTD
 70
     3
  9
$DIMTXSTY
  7
Standard
  9
$DIMAUNIT
 70
     0
  9
$DIMADEC
 70
     0
  9
$DIMALTRND
 40
0.0
  9
$DIMAZIN
 70
     0
  9
$DIMDSEP
 70
    44
  9
$DIMATFIT
 70
     3
  9
$DIMFRAC
 70
     0
  9
$DIMLDRBLK
  1

  9
$DIMLUNIT
 70
     2
  9
$DIMLWD
 70
    -2
  9
$DIMLWE
 70
    -2
  9
$DIMTMOVE
 70
     0
  9
$DIMFXL
 40
1.0
  9
$DIMFXLON
 70
     0
  9
$DIMJOGANG
 40
0.7853981633974483
  9
$DIMTFILL
 70
     0
  9
$DIMTFILLCLR
 70
     0
  9
$DIMARCSYM
 70
     0
  9
$DIMLTYPE
  6

  9
$DIMLTEX1
  6

  9
$DIMLTEX2
  6

  9
$DIMTXTDIRECTION
 70
     0
  9
$LUNITS
 70
     2
  9
$LUPREC
 70
     4
  9
$SKETCHINC
 40
1.0
  9
$FILLETRAD
 40
0.2
  9
$AUNITS
 70
     0
  9
$AUPREC
 70
     0
  9
$MENU
  1
.
  9
$ELEVATION
 40
0.0
  9
$PELEVATION
 40
0.0
  9
$THICKNESS
 40
0.0
  9
$LIMCHECK
 70
     0
  9
$CHAMFERA
 40
0.0
  9
$CHAMFERB
 40
0.0
  9
$CHAMFERC
 40
0.0
  9
$CHAMFERD
 40
0.0
  9
$SKPOLY
 70
     0
  9
$TDCREATE
 40
2461246.449884259
  9
$TDUCREATE
 40
2461246.408217593
  9
$TDUPDATE
 40
2461246.451724537
  9
$TDUUPDATE
 40
2461246.410057870
  9
$TDINDWG
 40
0.0018171296
  9
$TDUSRTIMER
 40
0.0018171296
  9
$USRTIMER
 70
     1
  9
$ANGBASE
 50
0.0
  9
$ANGDIR
 70
     0
  9
$PDMODE
 70
     0
  9
$PDSIZE
 40
0.0
  9
$PLINEWID
 40
0.0
  9
$SPLFRAME
 70
     0
  9
$SPLINETYPE
 70
     6
  9
$SPLINESEGS
 70
     8
  9
$HANDSEED
  5
304
  9
$SURFTAB1
 70
     6
  9
$SURFTAB2
 70
     6
  9
$SURFTYPE
 70
     6
  9
$SURFU
 70
     6
  9
$SURFV
 70
     6
  9
$UCSBASE
  2

  9
$UCSNAME
  2

  9
$UCSORG
 10
0.0
 20
0.0
 30
0.0
  9
$UCSXDIR
 10
1.0
 20
0.0
 30
0.0
  9
$UCSYDIR
 10
0.0
 20
1.0
 30
0.0
  9
$UCSORTHOREF
  2

  9
$UCSORTHOVIEW
 70
     0
  9
$UCSORGTOP
 10
0.0
 20
0.0
 30
0.0
  9
$UCSORGBOTTOM
 10
0.0
 20
0.0
 30
0.0
  9
$UCSORGLEFT
 10
0.0
 20
0.0
 30
0.0
  9
$UCSORGRIGHT
 10
0.0
 20
0.0
 30
0.0
  9
$UCSORGFRONT
 10
0.0
 20
0.0
 30
0.0
  9
$UCSORGBACK
 10
0.0
 20
0.0
 30
0.0
  9
$PUCSBASE
  2

  9
$PUCSNAME
  2

  9
$PUCSORG
 10
0.0
 20
0.0
 30
0.0
  9
$PUCSXDIR
 10
1.0
 20
0.0
 30
0.0
  9
$PUCSYDIR
 10
0.0
 20
1.0
 30
0.0
  9
$PUCSORTHOREF
  2

  9
$PUCSORTHOVIEW
 70
     0
  9
$PUCSORGTOP
 10
0.0
 20
0.0
 30
0.0
  9
$PUCSORGBOTTOM
 10
0.0
 20
0.0
 30
0.0
  9
$PUCSORGLEFT
 10
0.0
 20
0.0
 30
0.0
  9
$PUCSORGRIGHT
 10
0.0
 20
0.0
 30
0.0
  9
$PUCSORGFRONT
 10
0.0
 20
0.0
 30
0.0
  9
$PUCSORGBACK
 10
0.0
 20
0.0
 30
0.0
  9
$USERI1
 70
     0
  9
$USERI2
 70
     0
  9
$USERI3
 70
     0
  9
$USERI4
 70
     0
  9
$USERI5
 70
     0
  9
$USERR1
 40
0.0
  9
$USERR2
 40
0.0
  9
$USERR3
 40
0.0
  9
$USERR4
 40
0.0
  9
$USERR5
 40
0.0
  9
$WORLDVIEW
 70
     1
  9
$SHADEDGE
 70
     3
  9
$SHADEDIF
 70
    70
  9
$TILEMODE
 70
     0
  9
$MAXACTVP
 70
    64
  9
$PINSBASE
 10
0.0
 20
0.0
 30
0.0
  9
$PLIMCHECK
 70
     0
  9
$PEXTMIN
 10
29.69999999999999
 20
21.0
 30
0.0
  9
$PEXTMAX
 10
267.3
 20
189.0
 30
0.0
  9
$PLIMMIN
 10
0.0
 20
0.0
  9
$PLIMMAX
 10
297.0
 20
210.0
  9
$UNITMODE
 70
     0
  9
$VISRETAIN
 70
     1
  9
$PLINEGEN
 70
     0
  9
$PSLTSCALE
 70
     1
  9
$TREEDEPTH
 70
  3020
  9
$CMLSTYLE
  2
Standard
  9
$CMLJUST
 70
     0
  9
$CMLSCALE
 40
20.0
  9
$PROXYGRAPHICS
 70
     1
  9
$MEASUREMENT
 70
     1
  9
$CELWEIGHT
370
    -1
  9
$ENDCAPS
280
     0
  9
$JOINSTYLE
280
     0
  9
$LWDISPLAY
290
     0
  9
$INSUNITS
 70
     0
  9
$HYPERLINKBASE
  1

  9
$STYLESHEET
  1

  9
$XEDIT
290
     1
  9
$CEPSNTYPE
380
     0
  9
$PSTYLEMODE
290
     1
  9
$FINGERPRINTGUID
  2
{A71B219C-EA8F-2847-B964-BE64AEB75F08}
  9
$VERSIONGUID
  2
{76513325-EAD1-DE43-8B78-669EFB26158F}
  9
$EXTNAMES
290
     1
  9
$PSVPSCALE
 40
0.0
  9
$OLESTARTUP
290
     0
  9
$SORTENTS
280
   127
  9
$INDEXCTL
280
     0
  9
$HIDETEXT
280
     1
  9
$XCLIPFRAME
280
     2
  9
$HALOGAP
280
     0
  9
$OBSCOLOR
 70
   257
  9
$OBSLTYPE
280
     0
  9
$INTERSECTIONDISPLAY
280
     0
  9
$INTERSECTIONCOLOR
 70
   257
  9
$DIMASSOC
280
     2
  9
$PROJECTNAME
  1

  9
$CAMERADISPLAY
290
     0
  9
$LENSLENGTH
 40
50.0
  9
$CAMERAHEIGHT
 40
0.0
  9
$STEPSPERSEC
 40
2.0
  9
$STEPSIZE
 40
6.0
  9
$3DDWFPREC
 40
2.0
  9
$PSOLWIDTH
 40
5.0
  9
$PSOLHEIGHT
 40
80.0
  9
$LOFTANG1
 40
1.570796326794896
  9
$LOFTANG2
 40
1.570796326794896
  9
$LOFTMAG1
 40
0.0
  9
$LOFTMAG2
 40
0.0
  9
$LOFTPARAM
 70
     7
  9
$LOFTNORMALS
280
     1
  9
$LATITUDE
 40
37.795
  9
$LONGITUDE
 40
-122.394
  9
$NORTHDIRECTION
 40
0.0
  9
$TIMEZONE
 70
 -8000
  9
$LIGHTGLYPHDISPLAY
280
     1
  9
$TILEMODELIGHTSYNCH
280
     1
  9
$CMATERIAL
347
11
  9
$SOLIDHIST
280
     0
  9
$SHOWHIST
280
     1
  9
$DWFFRAME
280
     2
  9
$DGNFRAME
280
     0
  9
$REALWORLDSCALE
290
     1
  9
$INTERFERECOLOR
 62
     1
  9
$INTERFEREOBJVS
345
33
  9
$INTERFEREVPVS
346
30
  9
$CSHADOW
280
     0
  9
$SHADOWPLANELOCATION
 40
0.0
  0
ENDSEC
  0
SECTION
  2
CLASSES
  0
CLASS
  1
ACDBDICTIONARYWDFLT
  2
AcDbDictionaryWithDefault
  3
ObjectDBX Classes
 90
        0
 91
        1
280
     0
281
     0
  0
CLASS
  1
MATERIAL
  2
AcDbMaterial
  3
ObjectDBX Classes
 90
     1153
 91
        3
280
     0
281
     0
  0
CLASS
  1
VISUALSTYLE
  2
AcDbVisualStyle
  3
ObjectDBX Classes
 90
     4095
 91
       24
280
     0
281
     0
  0
CLASS
  1
SCALE
  2
AcDbScale
  3
ObjectDBX Classes
 90
     1153
 91
       50
280
     0
281
     0
  0
CLASS
  1
TABLESTYLE
  2
AcDbTableStyle
  3
ObjectDBX Classes
 90
     4095
 91
        1
280
     0
281
     0
  0
CLASS
  1
MLEADERSTYLE
  2
AcDbMLeaderStyle
  3
ACDB_MLEADERSTYLE_CLASS
 90
     4095
 91
        1
280
     0
281
     0
  0
CLASS
  1
ACDBSECTIONVIEWSTYLE
  2
AcDbSectionViewStyle
  3
ObjectDBX Classes
 90
     1025
 91
        2
280
     0
281
     0
  0
CLASS
  1
ACDBDETAILVIEWSTYLE
  2
AcDbDetailViewStyle
  3
ObjectDBX Classes
 90
     1025
 91
        2
280
     0
281
     0
  0
CLASS
  1
SORTENTSTABLE
  2
AcDbSortentsTable
  3
ObjectDBX Classes
 90
        0
 91
        2
280
     0
281
     0
  0
CLASS
  1
MULTILEADER
  2
AcDbMLeader
  3
ACDB_MLEADER_CLASS
 90
     1025
 91
        8
280
     0
281
     1
  0
CLASS
  1
IMAGE
  2
AcDbRasterImage
  3
ISM
 90
     2175
 91
        3
280
     0
281
     1
  0
CLASS
  1
IMAGEDEF
  2
AcDbRasterImageDef
  3
ISM
 90
        0
 91
        3
280
     0
281
     0
  0
CLASS
  1
IMAGEDEF_REACTOR
  2
AcDbRasterImageDefReactor
  3
ISM
 90
        1
 91
        3
280
     0
281
     0
  0
CLASS
  1
RASTERVARIABLES
  2
AcDbRasterVariables
  3
ISM
 90
        0
 91
        1
280
     0
281
     0
  0
CLASS
  1
DICTIONARYVAR
  2
AcDbDictionaryVar
  3
ObjectDBX Classes
 90
        0
 91
        6
280
     0
281
     0
  0
CLASS
  1
EXACXREFPANELOBJECT
  2
ExAcXREFPanelObject
  3
EXAC_ESW
 90
     1025
 91
        1
280
     0
281
     0
  0
CLASS
  1
NPOCOLLECTION
  2
AcDbImpNonPersistentObjectsCollection
  3
ObjectDBX Classes
 90
     1153
 91
        1
280
     0
281
     0
  0
CLASS
  1
CELLSTYLEMAP
  2
AcDbCellStyleMap
  3
ObjectDBX Classes
 90
     1152
 91
        1
280
     0
281
     0
  0
ENDSEC
  0
SECTION
  2
TABLES
  0
TABLE
  2
VPORT
  5
8
330
0
100
AcDbSymbolTable
 70
     1
  0
VPORT
  5
57
330
8
100
AcDbSymbolTableRecord
100
AcDbViewportTableRecord
  2
*Active
 70
     0
 10
0.0
 20
0.0
 11
1.0
 21
1.0
 12
265.5627365495464
 22
92.55527959960057
 13
0.0
 23
0.0
 14
0.5
 24
0.5
 15
0.5
 25
0.5
 16
0.0
 26
0.0
 36
1.0
 17
0.0
 27
0.0
 37
0.0
 40
0.3418571833445867
 41
2.351715686274509
 42
50.0
 43
0.0
 44
0.0
 50
0.0
 51
0.0
 71
     0
 72
   100
 73
     1
 74
     1
 75
     0
 76
     0
 77
     0
 78
     0
281
     0
 65
     1
110
0.0
120
0.0
130
0.0
111
1.0
121
0.0
131
0.0
112
0.0
122
1.0
132
0.0
 79
     0
146
0.0
348
2F
 60
     2
 61
     5
292
     1
282
     1
141
0.0
142
0.0
 63
   250
421
  3355443
1001
ACAD_NAV_VCDISPLAY
1070
     3
  0
ENDTAB
  0
TABLE
  2
LTYPE
  5
5
330
0
100
AcDbSymbolTable
 70
     4
  0
LTYPE
  5
5B
330
5
100
AcDbSymbolTableRecord
100
AcDbLinetypeTableRecord
  2
ByBlock
 70
     0
  3

 72
    65
 73
     0
 40
0.0
  0
LTYPE
  5
5C
330
5
100
AcDbSymbolTableRecord
100
AcDbLinetypeTableRecord
  2
ByLayer
 70
     0
  3

 72
    65
 73
     0
 40
0.0
  0
LTYPE
  5
5D
330
5
100
AcDbSymbolTableRecord
100
AcDbLinetypeTableRecord
  2
Continuous
 70
     0
  3
Solid line
 72
    65
 73
     0
 40
0.0
  0
LTYPE
  5
7D
330
5
100
AcDbSymbolTableRecord
100
AcDbLinetypeTableRecord
  2
DASH
 70
     0
  3

 72
    65
 73
     2
 40
9.503
 49
7.309999999999999
 74
     0
 49
-2.193
 74
     0
  0
LTYPE
  5
7E
330
5
100
AcDbSymbolTableRecord
100
AcDbLinetypeTableRecord
  2
DASHED
 70
     0
  3
Dashed __ __ __ __ __ __ __ __ __ __ __ __ __ _
 72
    65
 73
     2
 40
19.05
 49
12.7
 74
     0
 49
-6.349999999999999
 74
     0
  0
LTYPE
  5
7F
330
5
100
AcDbSymbolTableRecord
100
AcDbLinetypeTableRecord
  2
JIS_09_15
 70
     0
  3
2SASEN15 ___ _ _ ___ _ _ ___ _ _ ___ _ _ ___
 72
    65
 73
     6
 40
18.9
 49
15.0
 74
     0
 49
-0.9
 74
     0
 49
0.6
 74
     0
 49
-0.9
 74
     0
 49
0.6
 74
     0
 49
-0.9
 74
     0
  0
ENDTAB
  0
TABLE
  2
LAYER
  5
2
330
0
100
AcDbSymbolTable
 70
     7
  0
LAYER
  5
54
330
2
100
AcDbSymbolTableRecord
100
AcDbLayerTableRecord
  2
0
 70
     0
 62
    18
420
   328965
  6
Continuous
370
    -3
390
F
347
21
348
0
1001
AcAecLayerStandard
1000

1000

  0
LAYER
  5
79
330
2
100
AcDbSymbolTableRecord
100
AcDbLayerTableRecord
  2
Defpoints
 70
     0
 62
     7
  6
Continuous
290
     0
370
    -3
390
F
347
21
348
0
1001
AcAecLayerStandard
1000

1000

  0
LAYER
  5
A6
330
2
100
AcDbSymbolTableRecord
100
AcDbLayerTableRecord
  2
Cross sections
 70
     0
 62
    18
420
   328965
  6
Continuous
370
    -3
390
F
347
21
348
0
1001
AcAecLayerStandard
1000

1000

1001
AcCmTransparency
1071
        0
  0
LAYER
  5
B1
330
2
100
AcDbSymbolTableRecord
100
AcDbLayerTableRecord
  2
Layout Scale
 70
     0
 62
     7
  6
Continuous
370
    18
390
83
347
21
348
0
  0
LAYER
  5
BC
330
2
100
AcDbSymbolTableRecord
100
AcDbLayerTableRecord
  2
Layout A0_UND
 70
     0
 62
     7
  6
Continuous
370
    18
390
83
347
21
348
0
  0
LAYER
  5
200
330
2
100
AcDbSymbolTableRecord
100
AcDbLayerTableRecord
  2
PDDucts BO
 70
     0
 62
    30
  6
Continuous
370
    -3
390
F
347
21
348
0
1001
AcAecLayerStandard
1000

1000

1001
AcCmTransparency
1071
        0
  0
LAYER
  5
26D
330
2
100
AcDbSymbolTableRecord
100
AcDbLayerTableRecord
  2
Layout Text
 70
     0
 62
   181
  6
Continuous
370
    -3
390
83
347
21
348
0
  0
ENDTAB
  0
TABLE
  2
STYLE
  5
3
330
0
100
AcDbSymbolTable
 70
     5
  0
STYLE
  5
55
330
3
100
AcDbSymbolTableRecord
100
AcDbTextStyleTableRecord
  2
Standard
 70
     0
 40
0.0
 41
1.0
 50
0.0
 71
     0
 42
2.5
  3
arial.ttf
  4

1001
ACAD
1000
Arial
1071
       34
  0
STYLE
  5
5A
330
3
100
AcDbSymbolTableRecord
100
AcDbTextStyleTableRecord
  2
Annotative
 70
     0
 40
0.0
 41
1.0
 50
0.0
 71
     0
 42
0.2
  3
txt
  4

1001
AcadAnnotative
1000
AnnotativeData
1002
{
1070
     1
1070
     1
1002
}
  0
STYLE
  5
7A
330
3
100
AcDbSymbolTableRecord
100
AcDbTextStyleTableRecord
  2
Fabricom-ISO
 70
     0
 40
0.0
 41
1.0
 50
0.0
 71
     0
 42
10.49113789017341
  3
isocpeur.ttf
  4

1001
AcadAnnotative
1000
AnnotativeData
1002
{
1070
     1
1070
     0
1002
}
1001
ACAD
1000
ISOCPEUR
1071
       34
  0
STYLE
  5
7B
330
3
100
AcDbSymbolTableRecord
100
AcDbTextStyleTableRecord
  2
CofelyFabricom-networks
 70
     0
 40
0.0
 41
1.0
 50
0.0
 71
     0
 42
2.5
  3
calibri.ttf
  4

1001
ACAD
1000
Calibri
1071
       34
  0
STYLE
  5
7C
330
3
100
AcDbSymbolTableRecord
100
AcDbTextStyleTableRecord
  2
ISOCPEUR$001H0
 70
     0
 40
0.0
 41
1.0
 50
0.0
 71
     0
 42
2.5
  3
isocpeur.ttf
  4

1001
ACAD
1000
ISOCPEUR
1071
        0
  0
ENDTAB
  0
TABLE
  2
VIEW
  5
6
330
0
100
AcDbSymbolTable
 70
     0
  0
ENDTAB
  0
TABLE
  2
UCS
  5
7
330
0
100
AcDbSymbolTable
 70
     0
  0
ENDTAB
  0
TABLE
  2
APPID
  5
9
330
0
100
AcDbSymbolTable
 70
    16
  0
APPID
  5
56
330
9
100
AcDbSymbolTableRecord
100
AcDbRegAppTableRecord
  2
ACAD
 70
     0
  0
APPID
  5
5E
330
9
100
AcDbSymbolTableRecord
100
AcDbRegAppTableRecord
  2
AcadAnnotative
 70
     0
  0
APPID
  5
78
330
9
100
AcDbSymbolTableRecord
100
AcDbRegAppTableRecord
  2
ACAD_PSEXT
 70
     0
  0
APPID
  5
81
330
9
100
AcDbSymbolTableRecord
100
AcDbRegAppTableRecord
  2
ACAD_DSTYLE_DIMJAG
 70
     0
  0
APPID
  5
82
330
9
100
AcDbSymbolTableRecord
100
AcDbRegAppTableRecord
  2
ACAD_DSTYLE_DIMTALN
 70
     0
  0
APPID
  5
A7
330
9
100
AcDbSymbolTableRecord
100
AcDbRegAppTableRecord
  2
AcAecLayerStandard
 70
     0
  0
APPID
  5
A8
330
9
100
AcDbSymbolTableRecord
100
AcDbRegAppTableRecord
  2
AcCmTransparency
 70
     0
  0
APPID
  5
1FE
330
9
100
AcDbSymbolTableRecord
100
AcDbRegAppTableRecord
  2
AcDbDynamicBlockGUID
 70
     0
  0
APPID
  5
216
330
9
100
AcDbSymbolTableRecord
100
AcDbRegAppTableRecord
  2
GradientColor1ACI
 70
     0
  0
APPID
  5
217
330
9
100
AcDbSymbolTableRecord
100
AcDbRegAppTableRecord
  2
GradientColor2ACI
 70
     0
  0
APPID
  5
25B
330
9
100
AcDbSymbolTableRecord
100
AcDbRegAppTableRecord
  2
HATCHBACKGROUNDCOLOR
 70
     0
  0
APPID
  5
26B
330
9
100
AcDbSymbolTableRecord
100
AcDbRegAppTableRecord
  2
AcDbBlockRepBTag
 70
     0
  0
APPID
  5
298
330
9
100
AcDbSymbolTableRecord
100
AcDbRegAppTableRecord
  2
ACAD_DIMASSOC_OVERRIDDEN_DIMLFAC
 70
     0
  0
APPID
  5
299
330
9
100
AcDbSymbolTableRecord
100
AcDbRegAppTableRecord
  2
ACAD_DIMASSOC_CALC_DIMLFAC
 70
     0
  0
APPID
  5
29A
330
9
100
AcDbSymbolTableRecord
100
AcDbRegAppTableRecord
  2
ACAD_DIMASSOC_DIMLFAC
 70
     0
  0
APPID
  5
2F7
330
9
100
AcDbSymbolTableRecord
100
AcDbRegAppTableRecord
  2
ACAD_NAV_VCDISPLAY
 70
     0
  0
ENDTAB
  0
TABLE
  2
DIMSTYLE
  5
A
330
0
100
AcDbSymbolTable
 70
     3
100
AcDbDimStyleTable
 71
     1
340
80
  0
DIMSTYLE
105
58
330
A
100
AcDbSymbolTableRecord
100
AcDbDimStyleTableRecord
  2
Standard
 70
     0
340
55
  0
DIMSTYLE
105
59
330
A
100
AcDbSymbolTableRecord
100
AcDbDimStyleTableRecord
  2
Annotative
 70
     0
340
55
1001
AcadAnnotative
1000
AnnotativeData
1002
{
1070
     1
1070
     1
1002
}
  0
DIMSTYLE
105
80
102
{ACAD_REACTORS
330
289
102
}
330
A
100
AcDbSymbolTableRecord
100
AcDbDimStyleTableRecord
  2
ISO-25
 70
     0
 41
0.3
 42
0.625
 43
3.75
 44
1.25
 73
     0
 74
     0
 77
     1
 78
     8
140
2.5
141
2.5
143
0.03937007874016
147
0.625
171
     3
172
     1
271
     2
272
     2
274
     3
278
    44
283
     0
284
     8
340
55
1001
ACAD_DSTYLE_DIMJAG
1070
   388
1040
1.5
1001
ACAD_DSTYLE_DIMTALN
1070
   392
1070
     0
  0
ENDTAB
  0
TABLE
  2
BLOCK_RECORD
  5
1
330
0
100
AcDbSymbolTable
 70
     5
  0
BLOCK_RECORD
  5
70
102
{ACAD_XDICTIONARY
360
2D1
102
}
330
1
100
AcDbSymbolTableRecord
100
AcDbBlockTableRecord
  2
*Model_Space
340
73
 70
     0
280
     1
281
     0
  0
BLOCK_RECORD
  5
6C
330
1
100
AcDbSymbolTableRecord
100
AcDbBlockTableRecord
  2
*Paper_Space
340
6F
 70
     0
280
     1
281
     0
  0
BLOCK_RECORD
  5
74
330
1
100
AcDbSymbolTableRecord
100
AcDbBlockTableRecord
  2
*Paper_Space0
340
77
 70
     0
280
     1
281
     0
  0
BLOCK_RECORD
  5
1F7
102
{ACAD_XDICTIONARY
360
1F8
102
}
330
1
100
AcDbSymbolTableRecord
100
AcDbBlockTableRecord
  2
putje
340
0
310
28000000280000002800000001002000000000000019000001000000010000000000000000000000302821FF302821FF302821FF302821FF302821FF302821FF302821FF302821FF302821FF302821FF302821FF302821FF302821FF302821FF302821FF302821FF302821FF302821FF302821FF302821FF302821FF302821
310
FF302821FF302821FF302821FF302821FF302821FF302821FF302821FF302821FF302821FF302821FF302821FF302821FF302821FF302821FF302821FF302821FF302821FF302821FF302821FF302821FF302821FF302821FF302821FF302821FF302821FF302821FF302821FF302821FF302821FF302821FF302821FF3028
310
21FF302821FF302821FF302821FF302821FF302821FF302821FF302821FF302821FF302821FF302821FF302821FF302821FF302821FF302821FF302821FF302821FF302821FF302821FF302821FF302821FF302821FF302821FF302821FF302821FF302821FF302821FF302821FF302821FF302821FF302821FF302821FF30
310
2821FF302821FF302821FF302821FF302821FF302821FF302821FF302821FF302821FF302821FF302821FF302821FF302821FF302821FF302821FF302821FF302821FF302821FF302821FF302821FF302821FF302821FF302821FF302821FF302821FF302821FF302821FF302821FF302821FF302821FF302821FF302821FF
310
302821FF302821FF302821FF302821FF302821FF302821FF302821FF302821FF302821FF302821FF302821FF302821FF302821FF302821FF302821FF302821FF302821FF302821FF302821FF302821FF302821FF302821FF302821FF302821FF302821FF302821FF302821FF302821FF302821FF302821FF302821FF302821
310
FF302821FF302821FF302821FF302821FF302821FF302821FF302821FF302821FF302821FF302821FF302821FF302821FF302821FF302821FF302821FF302821FF302821FF302821FF302821FF302821FF302821FF302821FF302821FF302821FF302821FF302821FF302821FF302821FF302821FF302821FF302821FF3028
310
21FF302821FF302821FF302821FF302821FF302821FF302821FF302821FF302821FF302821FF302821FF302821FF302821FF302821FF302821FF302821FF302821FF302821FF302821FF302821FF302821FF302821FF302821FF302821FF302821FF302821FF302821FF302821FF302821FF302821FF302821FF302821FF30
310
2821FF302821FF302821FF302821FF302821FF302821FF302821FF302821FF302821FF302821FF302821FF302821FF302821FF302821FF302821FF302821FF302821FF302821FF302821FF302821FF302821FF302821FF302821FF302821FF302821FF302821FF302821FF302821FF302821FF302821FF302821FF302821FF
310
302821FF302821FF302821FF302821FF302821FF302821FF302821FF302821FF302821FF302821FF302821FF302821FF302821FF302821FF302821FF302821FF302821FF302821FF302821FF302821FF302821FF302821FF302821FF302821FF302821FF302821FF302821FF302821FF302821FF302821FF302821FF302821
310
FF302821FF302821FF302821FF302821FF302821FF302821FF302821FF302821FF302821FF302821FF302821FF302821FF302821FF302821FF302821FF302821FF302821FF302821FF302821FF302821FF302821FF302821FF302821FF302821FF302821FF302821FF302821FF302821FF302821FF302821FF302821FF3028
310
21FF302821FF302821FF302821FF302821FF302821FF302821FF302821FF302821FF302821FF302821FF302821FF302821FF302821FF302821FF302821FF302821FF302821FF302821FF302821FF302821FF302821FF302821FF302821FF302821FF302821FF302821FF302821FF302821FF302821FF302821FF302821FF30
310
2821FF302821FF302821FF302821FF302821FF302821FF302821FF302821FF302821FF302821FF302821FF302821FF302821FF302821FF302821FF302821FF302821FF302821FF302821FF302821FF302821FF302821FF302821FF302821FF302821FF302821FF302821FF302821FF302821FF302821FF302821FF302821FF
310
302821FF302821FF302821FF302821FF302821FF302821FF302821FF302821FF302821FF302821FF302821FF302821FF302821FF302821FF302821FF302821FF302821FF302821FF302821FF302821FF302821FF302821FF302821FF302821FF302821FF302821FF302821FF302821FF302821FF302821FF302821FF302821
310
FF302821FF302821FF302821FF302821FF302821FF302821FF302821FF302821FF302821FF302821FF302821FF302821FF302821FF302821FF302821FF302821FF302821FF302821FF302821FF302821FF302821FF302821FF302821FF302821FF302821FF302821FF302821FF302821FF302821FF302821FF302821FF3028
310
21FF302821FF302821FF302821FF302821FF302821FF302821FF302821FF302821FF302821FF302821FF302821FF302821FF302821FF302821FF302821FF302821FF302821FF302821FF302821FF302821FF302821FF302821FF302821FF302821FF302821FF302821FF302821FF302821FF302821FF302821FF302821FF30
310
2821FF302821FF302821FF302821FF302821FF302821FF302821FF302821FF302821FF302821FF302821FF302821FF302821FF302821FF302821FF302821FF0000FFFF0000FFFF0000FFFF0000FFFF0000FFFF0000FFFF0000FFFF0000FFFF0000FFFF0000FFFF0000FFFF0000FFFF0000FFFF0000FFFF0000FFFF0000FFFF
310
0000FFFF0000FFFF0000FFFF0000FFFF0000FFFF0000FFFF0000FFFF0000FFFF0000FFFF0000FFFF0000FFFF0000FFFF0000FFFF0000FFFF0000FFFF0000FFFF0000FFFF0000FFFF0000FFFF0000FFFF302821FF302821FF302821FF302821FF0000FFFF302821FF302821FF302821FF302821FF302821FF302821FF302821
310
FF302821FF302821FF302821FF302821FF302821FF302821FF302821FF302821FF302821FF302821FF302821FF302821FF302821FF302821FF302821FF302821FF302821FF302821FF302821FF302821FF302821FF302821FF302821FF302821FF302821FF302821FF302821FF0000FFFF302821FF302821FF302821FF3028
310
21FF0000FFFF302821FF302821FF302821FF302821FF302821FF302821FF302821FF302821FF302821FF302821FF302821FF302821FF302821FF302821FF302821FF302821FF302821FF302821FF302821FF302821FF302821FF302821FF302821FF302821FF302821FF302821FF302821FF302821FF302821FF302821FF30
310
2821FF302821FF302821FF302821FF0000FFFF302821FF302821FF302821FF302821FF0000FFFF302821FF302821FF0000FFFF0000FFFF0000FFFF0000FFFF0000FFFF0000FFFF0000FFFF0000FFFF0000FFFF0000FFFF0000FFFF0000FFFF0000FFFF0000FFFF0000FFFF0000FFFF0000FFFF0000FFFF0000FFFF0000FFFF
310
0000FFFF0000FFFF0000FFFF0000FFFF0000FFFF0000FFFF0000FFFF0000FFFF0000FFFF0000FFFF302821FF302821FF0000FFFF302821FF302821FF302821FF302821FF0000FFFF302821FF302821FF0000FFFF302821FF302821FF302821FF302821FF302821FF302821FF302821FF302821FF302821FF302821FF302821
310
FF302821FF302821FF0000FFFF302821FF302821FF302821FF302821FF302821FF302821FF302821FF302821FF302821FF302821FF302821FF302821FF302821FF302821FF0000FFFF302821FF302821FF0000FFFF302821FF302821FF302821FF302821FF0000FFFF302821FF302821FF0000FFFF302821FF302821FF3028
310
21FF302821FF302821FF302821FF302821FF302821FF302821FF302821FF302821FF302821FF302821FF0000FFFF302821FF302821FF302821FF302821FF302821FF302821FF302821FF302821FF302821FF302821FF302821FF302821FF302821FF302821FF0000FFFF302821FF302821FF0000FFFF302821FF302821FF30
310
2821FF302821FF0000FFFF302821FF302821FF0000FFFF302821FF302821FF302821FF302821FF302821FF302821FF302821FF302821FF302821FF302821FF302821FF302821FF302821FF0000FFFF302821FF302821FF302821FF302821FF302821FF302821FF302821FF302821FF302821FF302821FF302821FF302821FF
310
302821FF302821FF0000FFFF302821FF302821FF0000FFFF302821FF302821FF302821FF302821FF0000FFFF302821FF302821FF0000FFFF302821FF302821FF302821FF302821FF302821FF302821FF302821FF302821FF302821FF302821FF302821FF302821FF302821FF0000FFFF302821FF302821FF302821FF302821
310
FF302821FF302821FF302821FF302821FF302821FF302821FF302821FF302821FF302821FF302821FF0000FFFF302821FF302821FF0000FFFF302821FF302821FF302821FF302821FF0000FFFF302821FF302821FF0000FFFF302821FF302821FF302821FF302821FF302821FF302821FF302821FF302821FF302821FF3028
310
21FF302821FF302821FF302821FF0000FFFF302821FF302821FF302821FF302821FF302821FF302821FF302821FF302821FF302821FF302821FF302821FF302821FF302821FF302821FF0000FFFF302821FF302821FF0000FFFF302821FF302821FF302821FF302821FF0000FFFF302821FF302821FF0000FFFF302821FF30
310
2821FF302821FF302821FF302821FF302821FF302821FF302821FF302821FF302821FF302821FF302821FF302821FF0000FFFF302821FF302821FF302821FF302821FF302821FF302821FF302821FF302821FF302821FF302821FF302821FF302821FF302821FF302821FF0000FFFF302821FF302821FF0000FFFF302821FF
310
302821FF302821FF302821FF0000FFFF302821FF302821FF0000FFFF302821FF302821FF302821FF302821FF302821FF302821FF302821FF302821FF302821FF302821FF302821FF302821FF302821FF0000FFFF302821FF302821FF302821FF302821FF302821FF302821FF302821FF302821FF302821FF302821FF302821
310
FF302821FF302821FF302821FF0000FFFF302821FF302821FF0000FFFF302821FF302821FF302821FF302821FF0000FFFF302821FF302821FF0000FFFF302821FF302821FF302821FF302821FF302821FF302821FF302821FF302821FF302821FF302821FF302821FF302821FF302821FF0000FFFF302821FF302821FF3028
310
21FF302821FF302821FF302821FF302821FF302821FF302821FF302821FF302821FF302821FF302821FF302821FF0000FFFF302821FF302821FF0000FFFF302821FF302821FF302821FF302821FF0000FFFF302821FF302821FF0000FFFF0000FFFF0000FFFF0000FFFF0000FFFF0000FFFF0000FFFF0000FFFF0000FFFF00
310
00FFFF0000FFFF0000FFFF0000FFFF0000FFFF0000FFFF0000FFFF0000FFFF0000FFFF0000FFFF0000FFFF0000FFFF0000FFFF0000FFFF0000FFFF0000FFFF0000FFFF0000FFFF0000FFFF0000FFFF0000FFFF302821FF302821FF0000FFFF302821FF302821FF302821FF302821FF0000FFFF302821FF302821FF302821FF
310
302821FF302821FF302821FF302821FF302821FF302821FF302821FF302821FF302821FF302821FF302821FF302821FF302821FF302821FF302821FF302821FF302821FF302821FF302821FF302821FF302821FF302821FF302821FF302821FF302821FF302821FF302821FF302821FF302821FF302821FF302821FF0000FF
310
FF302821FF302821FF302821FF302821FF0000FFFF302821FF302821FF302821FF302821FF302821FF302821FF302821FF302821FF302821FF302821FF302821FF302821FF302821FF302821FF302821FF302821FF302821FF302821FF302821FF302821FF302821FF302821FF302821FF302821FF302821FF302821FF3028
310
21FF302821FF302821FF302821FF302821FF302821FF302821FF302821FF0000FFFF302821FF302821FF302821FF302821FF0000FFFF0000FFFF0000FFFF0000FFFF0000FFFF0000FFFF0000FFFF0000FFFF0000FFFF0000FFFF0000FFFF0000FFFF0000FFFF0000FFFF0000FFFF0000FFFF0000FFFF0000FFFF0000FFFF00
310
00FFFF0000FFFF0000FFFF0000FFFF0000FFFF0000FFFF0000FFFF0000FFFF0000FFFF0000FFFF0000FFFF0000FFFF0000FFFF0000FFFF0000FFFF0000FFFF0000FFFF302821FF302821FF302821FF302821FF302821FF302821FF302821FF302821FF302821FF302821FF302821FF302821FF302821FF302821FF302821FF
310
302821FF302821FF302821FF302821FF302821FF302821FF302821FF302821FF302821FF302821FF302821FF302821FF302821FF302821FF302821FF302821FF302821FF302821FF302821FF302821FF302821FF302821FF302821FF302821FF302821FF302821FF302821FF302821FF302821FF302821FF302821FF302821
310
FF302821FF302821FF302821FF302821FF302821FF302821FF302821FF302821FF302821FF302821FF302821FF302821FF302821FF302821FF302821FF302821FF302821FF302821FF302821FF302821FF302821FF302821FF302821FF302821FF302821FF302821FF302821FF302821FF302821FF302821FF302821FF3028
310
21FF302821FF302821FF302821FF302821FF302821FF302821FF302821FF302821FF302821FF302821FF302821FF302821FF302821FF302821FF302821FF302821FF302821FF302821FF302821FF302821FF302821FF302821FF302821FF302821FF302821FF302821FF302821FF302821FF302821FF302821FF302821FF30
310
2821FF302821FF302821FF302821FF302821FF302821FF302821FF302821FF302821FF302821FF302821FF302821FF302821FF302821FF302821FF302821FF302821FF302821FF302821FF302821FF302821FF302821FF302821FF302821FF302821FF302821FF302821FF302821FF302821FF302821FF302821FF302821FF
310
302821FF302821FF302821FF302821FF302821FF302821FF302821FF302821FF302821FF302821FF302821FF302821FF302821FF302821FF302821FF302821FF302821FF302821FF302821FF302821FF302821FF302821FF302821FF302821FF302821FF302821FF302821FF302821FF302821FF302821FF302821FF302821
310
FF302821FF302821FF302821FF302821FF302821FF302821FF302821FF302821FF302821FF302821FF302821FF302821FF302821FF302821FF302821FF302821FF302821FF302821FF302821FF302821FF302821FF302821FF302821FF302821FF302821FF302821FF302821FF302821FF302821FF302821FF302821FF3028
310
21FF302821FF302821FF302821FF302821FF302821FF302821FF302821FF302821FF302821FF302821FF302821FF302821FF302821FF302821FF302821FF302821FF302821FF302821FF302821FF302821FF302821FF302821FF302821FF302821FF302821FF302821FF302821FF302821FF302821FF302821FF302821FF30
310
2821FF302821FF302821FF302821FF302821FF302821FF302821FF302821FF302821FF302821FF302821FF302821FF302821FF302821FF302821FF302821FF302821FF302821FF302821FF302821FF302821FF302821FF302821FF302821FF302821FF302821FF302821FF302821FF302821FF302821FF302821FF302821FF
310
302821FF302821FF302821FF302821FF302821FF302821FF302821FF302821FF302821FF302821FF302821FF302821FF302821FF302821FF302821FF302821FF302821FF302821FF302821FF302821FF302821FF302821FF302821FF302821FF302821FF302821FF302821FF302821FF302821FF302821FF302821FF302821
310
FF302821FF302821FF302821FF302821FF302821FF302821FF302821FF302821FF302821FF302821FF302821FF302821FF302821FF302821FF302821FF302821FF302821FF302821FF302821FF302821FF302821FF302821FF302821FF302821FF302821FF302821FF302821FF302821FF302821FF302821FF302821FF3028
310
21FF302821FF302821FF302821FF302821FF302821FF302821FF302821FF302821FF302821FF302821FF302821FF302821FF302821FF302821FF302821FF302821FF302821FF302821FF302821FF302821FF302821FF302821FF302821FF302821FF302821FF302821FF302821FF302821FF302821FF302821FF302821FF30
310
2821FF302821FF302821FF302821FF302821FF302821FF302821FF302821FF302821FF302821FF302821FF302821FF302821FF302821FF302821FF302821FF302821FF302821FF302821FF302821FF302821FF302821FF302821FF302821FF302821FF302821FF302821FF302821FF302821FF302821FF302821FF302821FF
310
302821FF302821FF302821FF302821FF302821FF302821FF302821FF302821FF302821FF302821FF302821FF302821FF302821FF302821FF302821FF302821FF302821FF302821FF302821FF302821FF302821FF302821FF302821FF302821FF302821FF302821FF302821FF302821FF302821FF302821FF302821FF302821
310
FF302821FF302821FF302821FF302821FF302821FF302821FF302821FF302821FF302821FF302821FF302821FF302821FF302821FF302821FF302821FF302821FF302821FF302821FF302821FF302821FF302821FF302821FF302821FF302821FF302821FF302821FF302821FF302821FF302821FF302821FF302821FF3028
310
21FF302821FF302821FF302821FF302821FF302821FF302821FF302821FF302821FF302821FF302821FF302821FF302821FF302821FF302821FF302821FF302821FF302821FF302821FF302821FF302821FF302821FF302821FF
102
{BLKREFS
331
1F6
102
}
 70
     0
280
     1
281
     0
1001
AcDbDynamicBlockGUID
1000
{837E8C18-9A86-524B-ABA2-0369C49EAA16}
  0
BLOCK_RECORD
  5
AB
102
{ACAD_XDICTIONARY
360
AC
102
}
330
1
100
AcDbSymbolTableRecord
100
AcDbBlockTableRecord
  2
BYON_LAYOUT_A0_SYN1_10
340
0
102
{BLKREFS
331
AA
102
}
 70
     0
280
     1
281
     0
1001
AcDbBlockRepBTag
1070
     1
1005
0
1001
AcDbDynamicBlockGUID
1000
{BE4F1AE4-B040-0B4C-9969-15B2F1C88EC0}
  0
BLOCK_RECORD
  5
29F
330
1
100
AcDbSymbolTableRecord
100
AcDbBlockTableRecord
  2
*D4
340
0
 70
     0
280
     1
281
     0
  0
ENDTAB
  0
ENDSEC
  0
SECTION
  2
BLOCKS
  0
BLOCK
  5
71
330
70
100
AcDbEntity
  8
0
100
AcDbBlockBegin
  2
*Model_Space
 70
     0
 10
0.0
 20
0.0
 30
0.0
  3
*Model_Space
  1

  0
ENDBLK
  5
72
330
70
100
AcDbEntity
  8
0
100
AcDbBlockEnd
  0
BLOCK
  5
6D
330
6C
100
AcDbEntity
 67
     1
  8
0
100
AcDbBlockBegin
  2
*Paper_Space
 70
     0
 10
0.0
 20
0.0
 30
0.0
  3
*Paper_Space
  1

  0
ENDBLK
  5
6E
330
6C
100
AcDbEntity
 67
     1
  8
0
100
AcDbBlockEnd
  0
BLOCK
  5
75
330
74
100
AcDbEntity
 67
     1
  8
0
100
AcDbBlockBegin
  2
*Paper_Space0
 70
     0
 10
0.0
 20
0.0
 30
0.0
  3
*Paper_Space0
  1

  0
ENDBLK
  5
76
330
74
100
AcDbEntity
 67
     1
  8
0
100
AcDbBlockEnd
  0
BLOCK
  5
1F9
330
1F7
100
AcDbEntity
  8
0
 62
    18
420
        0
 48
0.3
370
     5
100
AcDbBlockBegin
  2
putje
 70
     0
 10
0.0
 20
0.0
 30
0.0
  3
putje
  1

  0
LWPOLYLINE
  5
1FA
330
1F7
100
AcDbEntity
  8
0
 62
     1
 48
0.3
370
     5
100
AcDbPolyline
 90
        4
 70
     1
 43
0.0
 39
0.3
 10
0.0
 20
0.9321869520354084
 10
2.176439429022138
 20
0.9321869520354084
 10
2.176439429022138
 20
0.0
 10
0.0
 20
0.0
  0
LWPOLYLINE
  5
1FB
330
1F7
100
AcDbEntity
  8
0
 62
     1
 48
0.3
370
     5
100
AcDbPolyline
 90
        4
 70
     1
 43
0.0
 39
0.3
 10
0.2000000000116415
 20
0.732186952023767
 10
1.976439429010497
 20
0.732186952023767
 10
1.976439429010497
 20
0.2000000000116415
 10
0.2000000000116415
 20
0.2000000000116415
  0
LINE
  5
1FC
330
1F7
100
AcDbEntity
  8
0
 62
     1
 48
0.3
370
     5
100
AcDbLine
 39
0.3
 10
1.088219714496517
 20
0.732186952023767
 30
0.0
 11
1.088219714496517
 21
0.2000000000116415
 31
0.0
  0
ENDBLK
  5
1FD
330
1F7
100
AcDbEntity
  8
0
 62
    18
420
        0
 48
0.3
370
     5
100
AcDbBlockEnd
  0
BLOCK
  5
AE
330
AB
100
AcDbEntity
  8
0
 62
    18
420
        0
 48
0.3
370
     5
100
AcDbBlockBegin
  2
BYON_LAYOUT_A0_SYN1_10
 70
     0
 10
0.0
 20
0.0
 30
0.0
  3
BYON_LAYOUT_A0_SYN1_10
  1

  0
LWPOLYLINE
  5
AF
330
AB
100
AcDbEntity
  8
0
 48
0.2
100
AcDbPolyline
 90
        4
 70
     1
 43
0.0
 10
-0.0000000000000007
 20
839.9999999999993
 10
1187.999999999998
 20
839.9999999999993
 10
1187.999999999998
 20
0.0000000000000027
 10
-0.0000000000000007
 20
0.0000000000000027
  0
LINE
  5
B0
330
AB
100
AcDbEntity
  8
Layout Scale
100
AcDbLine
 10
1092.166385990804
 20
262.6271360758356
 30
0.0
 11
1142.166385990803
 21
262.6271360758356
 31
0.0
  0
LINE
  5
B2
330
AB
100
AcDbEntity
  8
Layout Scale
100
AcDbLine
 10
1092.166385990804
 20
263.8771360758355
 30
0.0
 11
1142.166385990803
 21
263.8771360758355
 31
0.0
  0
HATCH
  5
B3
330
AB
100
AcDbEntity
  8
Layout Scale
100
AcDbHatch
 10
0.0
 20
0.0
 30
0.0
210
0.0
220
0.0
230
1.0
  2
SOLID
 70
     1
 71
     0
 91
        3
 92
        7
 72
     0
 73
     1
 93
        4
 10
1102.166385990805
 20
263.8771360758355
 10
1092.166385990804
 20
263.8771360758355
 10
1092.166385990804
 20
262.6271360758356
 10
1102.166385990805
 20
262.6271360758356
 97
        0
 92
        7
 72
     0
 73
     1
 93
        4
 10
1122.166385990806
 20
263.8771360758355
 10
1112.166385990805
 20
263.8771360758355
 10
1112.166385990805
 20
262.6271360758356
 10
1122.166385990806
 20
262.6271360758356
 97
        0
 92
        7
 72
     0
 73
     1
 93
        4
 10
1142.166385990803
 20
262.6271360758356
 10
1142.166385990803
 20
263.8771360758355
 10
1132.166385990806
 20
263.8771360758355
 10
1132.166385990806
 20
262.6271360758356
 97
        0
 75
     0
 76
     1
 47
0.2543454603875346
 98
        3
 10
1094.491872661168
 20
263.6951567820723
 10
1117.145196604126
 20
262.9321197881073
 10
1135.980543828483
 20
263.1864654527622
450
        0
451
        0
460
0.0
461
0.0
452
        0
462
0.0
453
        2
463
0.0
 63
     5
421
      255
463
1.0
 63
   254
421
 13750783
470

  0
TEXT
  5
B4
330
AB
100
AcDbEntity
  8
Layout Scale
100
AcDbText
 10
1129.583019553447
 20
258.0218557532153
 30
0.0
 40
1.499999999999997
  1
SCHAAL 1/500
  7
CofelyFabricom-networks
 72
     1
 11
1136.47494263037
 21
258.0218557532153
 31
0.0
100
AcDbText
  0
LINE
  5
B5
330
AB
100
AcDbEntity
  8
Layout Scale
100
AcDbLine
 10
1092.166385990804
 20
263.8771360758355
 30
0.0
 11
1092.166385990804
 21
262.6271360758356
 31
0.0
  0
LINE
  5
B6
330
AB
100
AcDbEntity
  8
Layout Scale
100
AcDbLine
 10
1102.166385990805
 20
263.8771360758355
 30
0.0
 11
1102.166385990805
 21
262.6271360758356
 31
0.0
  0
LINE
  5
B7
330
AB
100
AcDbEntity
  8
Layout Scale
100
AcDbLine
 10
1112.166385990805
 20
263.8771360758355
 30
0.0
 11
1112.166385990805
 21
262.6271360758356
 31
0.0
  0
LINE
  5
B8
330
AB
100
AcDbEntity
  8
Layout Scale
100
AcDbLine
 10
1122.166385990806
 20
263.8771360758355
 30
0.0
 11
1122.166385990806
 21
262.6271360758356
 31
0.0
  0
LINE
  5
B9
330
AB
100
AcDbEntity
  8
Layout Scale
100
AcDbLine
 10
1142.166385990803
 20
263.8771360758355
 30
0.0
 11
1142.166385990803
 21
262.6271360758356
 31
0.0
  0
LINE
  5
BA
330
AB
100
AcDbEntity
  8
Layout Scale
100
AcDbLine
 10
1132.166385990806
 20
263.8771360758355
 30
0.0
 11
1132.166385990806
 21
262.6271360758356
 31
0.0
  0
LINE
  5
BB
330
AB
100
AcDbEntity
  8
Layout A0_UND
100
AcDbLine
 10
843.8544889052804
 20
47.23645796527547
 30
0.0
 11
843.8544889052804
 21
9.999999999999978
 31
0.0
  0
TEXT
  5
BD
330
AB
100
AcDbEntity
  8
Layout Scale
100
AcDbText
 10
1130.311023294602
 20
260.5345040188689
 30
0.0
 40
1.499999999999997
  1
20
  7
CofelyFabricom-networks
100
AcDbText
  0
TEXT
  5
BE
330
AB
100
AcDbEntity
  8
Layout Scale
100
AcDbText
 10
1091.126426380647
 20
260.5345040188689
 30
0.0
 40
1.499999999999997
  1
0
  7
CofelyFabricom-networks
100
AcDbText
  0
TEXT
  5
BF
330
AB
100
AcDbEntity
  8
Layout Scale
100
AcDbText
 10
1100.94047125407
 20
260.5345040188689
 30
0.0
 40
1.499999999999997
  1
5
  7
CofelyFabricom-networks
100
AcDbText
  0
TEXT
  5
C0
330
AB
100
AcDbEntity
  8
Layout Scale
100
AcDbText
 10
1110.301087776326
 20
260.5345040188689
 30
0.0
 40
1.499999999999997
  1
10
  7
CofelyFabricom-networks
100
AcDbText
  0
TEXT
  5
C1
330
AB
100
AcDbEntity
  8
Layout Scale
100
AcDbText
 10
1120.279339041633
 20
260.5345040188689
 30
0.0
 40
1.499999999999997
  1
15
  7
CofelyFabricom-networks
100
AcDbText
  0
TEXT
  5
C2
330
AB
100
AcDbEntity
  8
Layout Scale
100
AcDbText
 10
1140.144759944417
 20
260.5345040188689
 30
0.0
 40
1.499999999999997
  1
25 m
  7
CofelyFabricom-networks
100
AcDbText
  0
LINE
  5
C3
330
AB
100
AcDbEntity
  8
0
  6
Continuous
 62
    18
420
        0
370
    15
100
AcDbLine
 10
1024.585186102814
 20
182.6949448145885
 30
0.0
 11
1086.308863459451
 21
182.6949448145885
 31
0.0
  0
LINE
  5
C4
330
AB
100
AcDbEntity
  8
0
  6
Continuous
 62
    18
420
        0
370
    15
100
AcDbLine
 10
1024.585186102814
 20
179.679707702339
 30
0.0
 11
1086.308863459451
 21
179.679707702339
 31
0.0
  0
LWPOLYLINE
  5
C5
102
{ACAD_REACTORS
330
264
102
}
330
AB
100
AcDbEntity
  8
0
  6
Continuous
 62
     7
370
    15
100
AcDbPolyline
 90
        5
 70
     0
 43
0.0
 10
1086.869242832521
 20
180.297387953286
 10
1086.869242832521
 20
132.1127164536109
 10
1104.960665506019
 20
132.1127164536109
 10
1104.960665506019
 20
180.297387953286
 10
1166.625220566338
 20
180.297387953286
  0
LINE
  5
C6
330
AB
100
AcDbEntity
  8
0
  6
Continuous
 62
    18
420
        0
370
    20
100
AcDbLine
 10
1104.400286132948
 20
137.5255104271631
 30
0.0
 11
1122.964687176997
 21
137.5255104271631
 31
0.0
  0
LINE
  5
C7
330
AB
100
AcDbEntity
  8
0
  6
Continuous
 62
    18
420
        0
370
    20
100
AcDbLine
 10
1104.400286132948
 20
182.6949448145885
 30
0.0
 11
1122.964687176997
 21
182.6949448145885
 31
0.0
  0
LINE
  5
C8
330
AB
100
AcDbEntity
  8
0
  6
Continuous
 62
    18
420
        0
370
    20
100
AcDbLine
 10
1122.047009142101
 20
137.5255104271631
 30
0.0
 11
1122.047009142101
 21
180.297387953286
 31
0.0
  0
LINE
  5
C9
330
AB
100
AcDbEntity
  8
0
  6
Continuous
 62
    18
420
        0
370
    20
100
AcDbLine
 10
1120.126816953704
 20
138.8853232424914
 30
0.0
 11
1122.84644258436
 21
136.1065753155166
 31
0.0
  0
LINE
  5
CA
330
AB
100
AcDbEntity
  8
0
  6
Continuous
 62
    18
420
        0
370
    20
100
AcDbLine
 10
1122.84644258436
 20
181.3351319992604
 30
0.0
 11
1120.126816953704
 21
184.1138799262355
 31
0.0
  0
LWPOLYLINE
  5
CB
330
AB
100
AcDbEntity
  8
0
  6
Continuous
 62
     7
420
 16777215
370
    -2
100
AcDbPolyline
 90
        3
 70
     1
 43
0.0
 10
1115.397033248214
 20
153.3111635442346
 10
1120.777162213208
 20
153.3111635442346
 10
1115.397033248214
 20
164.5443998447723
  0
LWPOLYLINE
  5
CC
330
AB
100
AcDbEntity
  8
0
  6
Continuous
 62
     7
420
 16777215
370
    -2
100
AcDbPolyline
 90
        3
 70
     0
 43
0.0
 10
1120.777162213208
 20
153.3111635442346
 10
1115.397033248214
 20
164.5443998447723
 10
1120.777162213208
 20
164.5443998447723
  0
HATCH
  5
CD
330
AB
100
AcDbEntity
  8
0
 62
     7
420
 16777215
100
AcDbHatch
 10
0.0
 20
0.0
 30
0.0
210
0.0
220
0.0
230
1.0
  2
SOLID
 70
     1
 71
     0
 91
        2
 92
        7
 72
     0
 73
     1
 93
        3
 10
1115.397033248214
 20
153.3111635442346
 10
1120.777162213208
 20
153.3111635442346
 10
1115.397033248214
 20
164.5443998447723
 97
        0
 92
        7
 72
     0
 73
     1
 93
        3
 10
1120.777162213208
 20
153.3111635442346
 10
1115.397033248214
 20
164.5443998447723
 10
1120.777162213208
 20
164.5443998447723
 97
        0
 75
     0
 76
     1
 47
0.000001
 98
        0
450
        0
451
        0
460
0.0
461
1.0
452
        0
462
0.0
453
        0
470

  0
TEXT
  5
CE
330
AB
100
AcDbEntity
  8
0
 62
     7
100
AcDbText
 10
1119.358227101562
 20
153.7841419147836
 30
0.0
 40
3.086094625609477
  1
0,8 m
 50
90.0
  7
ISOCPEUR$001H0
100
AcDbText
  0
LINE
  5
CF
330
AB
100
AcDbEntity
  8
0
  6
Continuous
 62
    18
420
        0
370
    20
100
AcDbLine
 10
1086.308863459451
 20
182.6949448145885
 30
0.0
 11
1086.308863459451
 21
188.3115629648575
 31
0.0
  0
LINE
  5
D0
330
AB
100
AcDbEntity
  8
0
  6
Continuous
 62
    18
420
        0
370
    20
100
AcDbLine
 10
1104.400286132948
 20
182.6949448145885
 30
0.0
 11
1104.400286132948
 21
188.3115629648575
 31
0.0
  0
LINE
  5
D1
330
AB
100
AcDbEntity
  8
0
  6
Continuous
 62
    18
420
        0
370
    20
100
AcDbLine
 10
1086.308863459451
 20
186.8335055568918
 30
0.0
 11
1104.400286132948
 21
186.8335055568918
 31
0.0
  0
LINE
  5
D2
330
AB
100
AcDbEntity
  8
0
  6
Continuous
 62
    18
420
        0
370
    20
100
AcDbLine
 10
1087.668676274782
 20
188.1933183722202
 30
0.0
 11
1084.949050644123
 21
185.4736927415637
 31
0.0
  0
LINE
  5
D3
330
AB
100
AcDbEntity
  8
0
  6
Continuous
 62
    18
420
        0
370
    20
100
AcDbLine
 10
1103.040473317621
 20
185.4736927415637
 30
0.0
 11
1105.760098948279
 21
188.1933183722202
 31
0.0
  0
LWPOLYLINE
  5
D4
330
AB
100
AcDbEntity
  8
0
  6
Continuous
 62
     7
420
 16777215
370
    -2
100
AcDbPolyline
 90
        3
 70
     1
 43
0.0
 10
1089.737956645933
 20
192.8639797813912
 10
1089.737956645933
 20
187.4838508163969
 10
1100.971192946471
 20
192.8639797813912
  0
LWPOLYLINE
  5
D5
330
AB
100
AcDbEntity
  8
0
  6
Continuous
 62
     7
420
 16777215
370
    -2
100
AcDbPolyline
 90
        3
 70
     0
 43
0.0
 10
1089.737956645933
 20
187.4838508163969
 10
1100.971192946471
 20
192.8639797813912
 10
1100.971192946471
 20
187.4838508163969
  0
HATCH
  5
D6
330
AB
100
AcDbEntity
  8
0
 62
     7
420
 16777215
100
AcDbHatch
 10
0.0
 20
0.0
 30
0.0
210
0.0
220
0.0
230
1.0
  2
SOLID
 70
     1
 71
     0
 91
        2
 92
        7
 72
     0
 73
     1
 93
        3
 10
1089.737956645933
 20
192.8639797813912
 10
1089.737956645933
 20
187.4838508163969
 10
1100.971192946471
 20
192.8639797813912
 97
        0
 92
        7
 72
     0
 73
     1
 93
        3
 10
1089.737956645933
 20
187.4838508163969
 10
1100.971192946471
 20
192.8639797813912
 10
1100.971192946471
 20
187.4838508163969
 97
        0
 75
     0
 76
     1
 47
0.000001
 98
        0
450
        0
451
        0
460
0.0
461
1.0
452
        0
462
0.0
453
        0
470

  0
TEXT
  5
D7
330
AB
100
AcDbEntity
  8
0
 62
     7
100
AcDbText
 10
1090.210935016482
 20
188.9027859280436
 30
0.0
 40
3.086094625609494
  1
0,3 m
  7
ISOCPEUR$001H0
100
AcDbText
  0
LINE
  5
D8
330
AB
100
AcDbEntity
  8
0
  6
Continuous
 62
    18
420
        0
370
    15
100
AcDbLine
 10
1166.064841193269
 20
182.6949448145885
 30
0.0
 11
1104.400286132948
 21
182.6949448145885
 31
0.0
  0
LINE
  5
D9
330
AB
100
AcDbEntity
  8
0
  6
Continuous
 62
    18
420
        0
370
    15
100
AcDbLine
 10
1166.064841193269
 20
179.679707702339
 30
0.0
 11
1104.400286132948
 21
179.679707702339
 31
0.0
  0
LINE
  5
DA
330
AB
100
AcDbEntity
  8
0
  6
Continuous
 62
    18
420
        0
370
    25
100
AcDbLine
 10
1031.975473142641
 20
155.6760553969794
 30
0.0
 11
1031.975473142641
 21
155.6760553969794
 31
0.0
  0
LINE
  5
DB
330
AB
100
AcDbEntity
  8
0
  6
Continuous
 62
    18
420
        0
370
    -2
100
AcDbLine
 10
1024.585186102814
 20
172.8806436256978
 30
0.0
 11
1031.443372475774
 21
179.679707702339
 31
0.0
  0
LINE
  5
DC
330
AB
100
AcDbEntity
  8
0
  6
Continuous
 62
    18
420
        0
370
    -2
100
AcDbLine
 10
1024.585186102814
 20
164.7808890300469
 30
0.0
 11
1039.543127071425
 21
179.679707702339
 31
0.0
  0
LINE
  5
DD
330
AB
100
AcDbEntity
  8
0
  6
Continuous
 62
    18
420
        0
370
    -2
100
AcDbLine
 10
1024.585186102814
 20
156.6220121380773
 30
0.0
 11
1047.642881667076
 21
179.679707702339
 31
0.0
  0
LINE
  5
DE
330
AB
100
AcDbEntity
  8
0
  6
Continuous
 62
    18
420
        0
370
    -2
100
AcDbLine
 10
1024.585186102814
 20
148.5222575424264
 30
0.0
 11
1055.801758559044
 21
179.679707702339
 31
0.0
  0
LINE
  5
DF
330
AB
100
AcDbEntity
  8
0
  6
Continuous
 62
    18
420
        0
370
    -2
100
AcDbLine
 10
1024.585186102814
 20
140.4225029467756
 30
0.0
 11
1063.901513154696
 21
179.679707702339
 31
0.0
  0
LINE
  5
E0
330
AB
100
AcDbEntity
  8
0
  6
Continuous
 62
    18
420
        0
370
    -2
100
AcDbLine
 10
1025.145565475884
 20
129.8660691935036
 30
0.0
 11
1072.561647123417
 21
177.2821508410364
 31
0.0
  0
LINE
  5
E1
330
AB
100
AcDbEntity
  8
0
  6
Continuous
 62
    18
420
        0
370
    -2
100
AcDbLine
 10
1031.802693020295
 20
128.420676794096
 30
0.0
 11
1080.720524015385
 21
177.2821508410364
 31
0.0
  0
LINE
  5
E2
330
AB
100
AcDbEntity
  8
0
  6
Continuous
 62
    18
420
        0
370
    -2
100
AcDbLine
 10
1039.902557036195
 20
128.420676794096
 30
0.0
 11
1086.869242832521
 21
175.3311150625219
 31
0.0
  0
LINE
  5
E3
330
AB
100
AcDbEntity
  8
0
  6
Continuous
 62
    18
420
        0
370
    -2
100
AcDbLine
 10
1048.058559159747
 20
128.420676794096
 30
0.0
 11
1086.869242832521
 21
167.231360466871
 31
0.0
  0
LINE
  5
E4
330
AB
100
AcDbEntity
  8
0
  6
Continuous
 62
    18
420
        0
370
    -2
100
AcDbLine
 10
1056.162602765882
 20
128.4206767940959
 30
0.0
 11
1086.869242832521
 21
159.0724835749014
 31
0.0
  0
LINE
  5
E5
330
AB
100
AcDbEntity
  8
0
  6
Continuous
 62
    18
420
        0
370
    -2
100
AcDbLine
 10
1104.400286132948
 20
179.5614631097018
 30
0.0
 11
1104.518530725586
 21
179.679707702339
 31
0.0
  0
LINE
  5
E6
330
AB
100
AcDbEntity
  8
0
  6
Continuous
 62
    18
420
        0
370
    -2
100
AcDbLine
 10
1064.263749765413
 20
128.4206767940959
 30
0.0
 11
1086.869242832521
 21
150.9727289792505
 31
0.0
  0
LINE
  5
E7
330
AB
100
AcDbEntity
  8
0
  6
Continuous
 62
    18
420
        0
370
    -2
100
AcDbLine
 10
1104.960665506019
 20
172.0220878871215
 30
0.0
 11
1112.618285321238
 21
179.679707702339
 31
0.0
  0
LINE
  5
E8
330
AB
100
AcDbEntity
  8
0
  6
Continuous
 62
    18
420
        0
370
    -2
100
AcDbLine
 10
1072.416945243019
 20
128.420676794096
 30
0.0
 11
1086.869242832521
 21
142.8729743835999
 31
0.0
  0
LINE
  5
E9
330
AB
100
AcDbEntity
  8
0
  6
Continuous
 62
    18
420
        0
370
    -2
100
AcDbLine
 10
1104.960665506019
 20
163.9203102612429
 30
0.0
 11
1120.777162213208
 21
179.679707702339
 31
0.0
  0
LINE
  5
EA
330
AB
100
AcDbEntity
  8
0
  6
Continuous
 62
    18
420
        0
370
    -2
100
AcDbLine
 10
1077.558763604298
 20
128.420676794096
 30
0.0
 11
1086.308863459451
 21
137.1116543529328
 31
0.0
  0
LINE
  5
EB
330
AB
100
AcDbEntity
  8
0
  6
Continuous
 62
    18
420
        0
370
    -2
100
AcDbLine
 10
1116.402112285629
 20
167.2640254754288
 30
0.0
 11
1128.876916808857
 21
179.679707702339
 31
0.0
  0
LINE
  5
EC
330
AB
100
AcDbEntity
  8
0
  6
Continuous
 62
    18
420
        0
370
    -2
100
AcDbLine
 10
1104.960665506019
 20
155.7674591093086
 30
0.0
 11
1112.677407617558
 21
163.5393208073559
 31
0.0
  0
LINE
  5
ED
330
AB
100
AcDbEntity
  8
0
  6
Continuous
 62
    18
420
        0
370
    -2
100
AcDbLine
 10
1085.717640496265
 20
128.420676794096
 30
0.0
 11
1088.732877608515
 21
131.4654750545049
 31
0.0
  0
LINE
  5
EE
330
AB
100
AcDbEntity
  8
0
  6
Continuous
 62
    18
420
        0
370
    -2
100
AcDbLine
 10
1121.427507472714
 20
164.1305437705421
 30
0.0
 11
1136.976671404509
 21
179.679707702339
 31
0.0
  0
LINE
  5
EF
330
AB
100
AcDbEntity
  8
0
  6
Continuous
 62
    18
420
        0
370
    -2
100
AcDbLine
 10
1104.960665506019
 20
147.6677045136578
 30
0.0
 11
1112.677407617558
 21
155.4395662117049
 31
0.0
  0
LINE
  5
F0
330
AB
100
AcDbEntity
  8
0
  6
Continuous
 62
    18
420
        0
370
    -2
100
AcDbLine
 10
1093.817395091918
 20
128.420676794096
 30
0.0
 11
1096.862193352327
 21
131.4654750545049
 31
0.0
  0
LINE
  5
F1
330
AB
100
AcDbEntity
  8
0
  6
Continuous
 62
    18
420
        0
370
    -2
100
AcDbLine
 10
1121.427507472714
 20
155.9716668785725
 30
0.0
 11
1145.13554829648
 21
179.679707702339
 31
0.0
  0
LINE
  5
F2
330
AB
100
AcDbEntity
  8
0
  6
Continuous
 62
    18
420
        0
370
    -2
100
AcDbLine
 10
1104.400286132948
 20
139.0035678351287
 30
0.0
 11
1115.810889322444
 21
150.4141710246223
 31
0.0
  0
LINE
  5
F3
330
AB
100
AcDbEntity
  8
0
  6
Continuous
 62
    18
420
        0
370
    -2
100
AcDbLine
 10
1104.877851270109
 20
128.420676794096
 30
0.0
 11
1153.795682265198
 21
177.2821508410364
 31
0.0
  0
LINE
  5
F4
330
AB
100
AcDbEntity
  8
0
  6
Continuous
 62
    18
420
        0
370
    -2
100
AcDbLine
 10
1113.033962813908
 20
128.420676794096
 30
0.0
 11
1161.89543686085
 21
177.2821508410364
 31
0.0
  0
LINE
  5
F5
330
AB
100
AcDbEntity
  8
0
  6
Continuous
 62
    18
420
        0
370
    -2
100
AcDbLine
 10
1121.133717409559
 20
128.420676794096
 30
0.0
 11
1166.625220566338
 21
173.912179950875
 31
0.0
  0
LINE
  5
F6
330
AB
100
AcDbEntity
  8
0
  6
Continuous
 62
    18
420
        0
370
    -2
100
AcDbLine
 10
1129.233472005213
 20
128.420676794096
 30
0.0
 11
1166.625220566338
 21
165.8124253552242
 31
0.0
  0
LINE
  5
F7
330
AB
100
AcDbEntity
  8
0
  6
Continuous
 62
    18
420
        0
370
    -2
100
AcDbLine
 10
1134.434412662808
 20
128.420676794096
 30
0.0
 11
1166.064841193269
 21
160.0511053245573
 31
0.0
  0
LINE
  5
F8
330
AB
100
AcDbEntity
  8
0
  6
Continuous
 62
    18
420
        0
370
    -2
100
AcDbLine
 10
1145.492103492831
 20
128.420676794096
 30
0.0
 11
1166.625220566338
 21
149.5537938676038
 31
0.0
  0
LINE
  5
F9
330
AB
100
AcDbEntity
  8
0
  6
Continuous
 62
    18
420
        0
370
    -2
100
AcDbLine
 10
1153.641794343187
 20
128.420676794096
 30
0.0
 11
1166.625220566338
 21
141.4540392719528
 31
0.0
  0
LINE
  5
FA
330
AB
100
AcDbEntity
  8
0
  6
Continuous
 62
    18
420
        0
370
    -2
100
AcDbLine
 10
1158.792798746081
 20
128.420676794096
 30
0.0
 11
1166.064841193269
 21
135.692719241286
 31
0.0
  0
LINE
  5
FB
330
AB
100
AcDbEntity
  8
0
  6
Continuous
 62
    18
420
        0
370
    -2
100
AcDbLine
 10
1024.821675288087
 20
132.5001152400805
 30
0.0
 11
1024.585186102814
 21
132.7366044253551
 31
0.0
  0
LINE
  5
FC
330
AB
100
AcDbEntity
  8
0
  6
Continuous
 62
    18
420
        0
370
    -2
100
AcDbLine
 10
1037.000868329725
 20
128.420676794096
 30
0.0
 11
1026.831833362921
 21
138.5897117608982
 31
0.0
  0
LINE
  5
FD
330
AB
100
AcDbEntity
  8
0
  6
Continuous
 62
    18
420
        0
370
    -2
100
AcDbLine
 10
1045.159745221694
 20
128.420676794096
 30
0.0
 11
1039.011026404558
 21
134.5102733149137
 31
0.0
  0
LINE
  5
FE
330
AB
100
AcDbEntity
  8
0
  6
Continuous
 62
    18
420
        0
370
    -2
100
AcDbLine
 10
1032.92142988374
 20
140.5998698357314
 30
0.0
 11
1024.585186102814
 21
148.9952359129754
 31
0.0
  0
LINE
  5
FF
330
AB
100
AcDbEntity
  8
0
  6
Continuous
 62
    18
420
        0
370
    -2
100
AcDbLine
 10
1053.259499817343
 20
128.420676794096
 30
0.0
 11
1051.190219446193
 21
130.4899571652477
 31
0.0
  0
LINE
  5
100
330
AB
100
AcDbEntity
  8
0
  6
Continuous
 62
    18
420
        0
370
    -2
100
AcDbLine
 10
1045.661002298444
 20
134.1819968247626
 30
0.0
 11
1035.551089627961
 21
144.2919094952466
 31
0.0
  0
LINE
  5
101
330
AB
100
AcDbEntity
  8
0
  6
Continuous
 62
    18
420
        0
370
    -2
100
AcDbLine
 10
1028.901113734073
 20
152.779062877367
 30
0.0
 11
1024.585186102814
 21
157.0949905086263
 31
0.0
  0
LINE
  5
102
330
AB
100
AcDbEntity
  8
0
  6
Continuous
 62
    18
420
        0
370
    -2
100
AcDbLine
 10
1057.840195340079
 20
130.1025583787778
 30
0.0
 11
1047.730282669596
 21
140.2715933455804
 31
0.0
  0
LINE
  5
103
330
AB
100
AcDbEntity
  8
0
  6
Continuous
 62
    18
420
        0
370
    -2
100
AcDbLine
 10
1041.080306775709
 20
148.7587467277009
 30
0.0
 11
1030.911271808906
 21
158.9277816945036
 31
0.0
  0
LINE
  5
104
330
AB
100
AcDbEntity
  8
0
  6
Continuous
 62
    18
420
        0
370
    -2
100
AcDbLine
 10
1024.821675288087
 20
165.0173782153213
 30
0.0
 11
1024.585186102814
 21
165.1947451042772
 31
0.0
  0
LINE
  5
105
330
AB
100
AcDbEntity
  8
0
  6
Continuous
 62
    18
420
        0
370
    -2
100
AcDbLine
 10
1069.459009008647
 20
128.420676794096
 30
0.0
 11
1059.349096338163
 21
138.5897117608982
 31
0.0
  0
LINE
  5
106
330
AB
100
AcDbEntity
  8
0
  6
Continuous
 62
    18
420
        0
370
    -2
100
AcDbLine
 10
1053.259499817343
 20
144.6793082817162
 30
0.0
 11
1043.09046485054
 21
154.8483432485187
 31
0.0
  0
LINE
  5
107
330
AB
100
AcDbEntity
  8
0
  6
Continuous
 62
    18
420
        0
370
    -2
100
AcDbLine
 10
1037.000868329725
 20
160.9379397693366
 30
0.0
 11
1026.831833362921
 21
171.1069747361392
 31
0.0
  0
LINE
  5
108
330
AB
100
AcDbEntity
  8
0
  6
Continuous
 62
    18
420
        0
370
    -2
100
AcDbLine
 10
1077.617885900616
 20
128.420676794096
 30
0.0
 11
1071.528289379797
 21
134.5102733149137
 31
0.0
  0
LINE
  5
109
330
AB
100
AcDbEntity
  8
0
  6
Continuous
 62
    18
420
        0
370
    -2
100
AcDbLine
 10
1065.43869285898
 20
140.5998698357314
 30
0.0
 11
1055.269657892178
 21
150.768904802534
 31
0.0
  0
LINE
  5
10A
330
AB
100
AcDbEntity
  8
0
  6
Continuous
 62
    18
420
        0
370
    -2
100
AcDbLine
 10
1049.18006137136
 20
156.8585013233518
 30
0.0
 11
1039.011026404558
 21
167.0275362901544
 31
0.0
  0
LINE
  5
10B
330
AB
100
AcDbEntity
  8
0
  6
Continuous
 62
    18
420
        0
370
    -2
100
AcDbLine
 10
1032.92142988374
 20
173.1171328109722
 30
0.0
 11
1026.358854992373
 21
179.679707702339
 31
0.0
  0
LINE
  5
10C
330
AB
100
AcDbEntity
  8
0
  6
Continuous
 62
    18
420
        0
370
    -2
100
AcDbLine
 10
1085.776762792585
 20
128.420676794096
 30
0.0
 11
1083.707482421435
 21
130.4899571652477
 31
0.0
  0
LINE
  5
10D
330
AB
100
AcDbEntity
  8
0
  6
Continuous
 62
    18
420
        0
370
    -2
100
AcDbLine
 10
1078.178265273684
 20
134.1819968247626
 30
0.0
 11
1068.009230306881
 21
144.2919094952466
 31
0.0
  0
LINE
  5
10E
330
AB
100
AcDbEntity
  8
0
  6
Continuous
 62
    18
420
        0
370
    -2
100
AcDbLine
 10
1061.359254412995
 20
152.779062877367
 30
0.0
 11
1051.190219446193
 21
162.9480978441696
 31
0.0
  0
LINE
  5
10F
330
AB
100
AcDbEntity
  8
0
  6
Continuous
 62
    18
420
        0
370
    -2
100
AcDbLine
 10
1045.100622925376
 20
169.0376943649875
 30
0.0
 11
1034.990710254892
 21
179.20672933179
 31
0.0
  0
LINE
  5
110
330
AB
100
AcDbEntity
  8
0
  6
Continuous
 62
    18
420
        0
370
    -2
100
AcDbLine
 10
1086.869242832521
 20
133.5907738615764
 30
0.0
 11
1080.188423348519
 21
140.2715933455804
 31
0.0
  0
LINE
  5
111
330
AB
100
AcDbEntity
  8
0
  6
Continuous
 62
    18
420
        0
370
    -2
100
AcDbLine
 10
1073.538447454632
 20
148.7587467277009
 30
0.0
 11
1063.369412487829
 21
158.9277816945036
 31
0.0
  0
LINE
  5
112
330
AB
100
AcDbEntity
  8
0
  6
Continuous
 62
    18
420
        0
370
    -2
100
AcDbLine
 10
1057.27981596701
 20
165.0173782153213
 30
0.0
 11
1047.169903296527
 21
175.1272908858053
 31
0.0
  0
LINE
  5
113
330
AB
100
AcDbEntity
  8
0
  6
Continuous
 62
    18
420
        0
370
    -2
100
AcDbLine
 10
1101.976271983888
 20
128.420676794096
 30
0.0
 11
1098.320077369608
 21
132.112716453611
 31
0.0
  0
LINE
  5
114
330
AB
100
AcDbEntity
  8
0
  6
Continuous
 62
    18
420
        0
370
    -2
100
AcDbLine
 10
1085.717640496265
 20
144.6793082817162
 30
0.0
 11
1075.607727825783
 21
154.8483432485187
 31
0.0
  0
LINE
  5
115
330
AB
100
AcDbEntity
  8
0
  6
Continuous
 62
    18
420
        0
370
    -2
100
AcDbLine
 10
1069.459009008647
 20
160.9379397693366
 30
0.0
 11
1059.349096338163
 21
171.1069747361392
 31
0.0
  0
LINE
  5
116
330
AB
100
AcDbEntity
  8
0
  6
Continuous
 62
    18
420
        0
370
    -2
100
AcDbLine
 10
1053.259499817343
 20
177.196571256957
 30
0.0
 11
1050.717241075645
 21
179.679707702339
 31
0.0
  0
LINE
  5
117
330
AB
100
AcDbEntity
  8
0
  6
Continuous
 62
    18
420
        0
370
    -2
100
AcDbLine
 10
1110.135148875856
 20
128.420676794096
 30
0.0
 11
1104.960665506019
 21
133.5951601639324
 31
0.0
  0
LINE
  5
118
330
AB
100
AcDbEntity
  8
0
  6
Continuous
 62
    18
420
        0
370
    -2
100
AcDbLine
 10
1081.6973243466
 20
156.8585013233518
 30
0.0
 11
1071.528289379797
 21
167.0275362901544
 31
0.0
  0
LINE
  5
119
330
AB
100
AcDbEntity
  8
0
  6
Continuous
 62
    18
420
        0
370
    -2
100
AcDbLine
 10
1065.43869285898
 20
173.1171328109722
 30
0.0
 11
1058.816995671294
 21
179.679707702339
 31
0.0
  0
LINE
  5
11A
330
AB
100
AcDbEntity
  8
0
  6
Continuous
 62
    18
420
        0
370
    -2
100
AcDbLine
 10
1118.234903471508
 20
128.420676794096
 30
0.0
 11
1116.165623100356
 21
130.4899571652477
 31
0.0
  0
LINE
  5
11B
330
AB
100
AcDbEntity
  8
0
  6
Continuous
 62
    18
420
        0
370
    -2
100
AcDbLine
 10
1110.636405952606
 20
134.1819968247626
 30
0.0
 11
1104.960665506019
 21
139.8577372713501
 31
0.0
  0
LINE
  5
11C
330
AB
100
AcDbEntity
  8
0
  6
Continuous
 62
    18
420
        0
370
    -2
100
AcDbLine
 10
1086.308863459451
 20
160.3467168061504
 30
0.0
 11
1083.707482421435
 21
162.9480978441696
 31
0.0
  0
LINE
  5
11D
330
AB
100
AcDbEntity
  8
0
  6
Continuous
 62
    18
420
        0
370
    -2
100
AcDbLine
 10
1077.617885900616
 20
169.0376943649875
 30
0.0
 11
1067.448850933812
 21
179.20672933179
 31
0.0
  0
LINE
  5
11E
330
AB
100
AcDbEntity
  8
0
  6
Continuous
 62
    18
420
        0
370
    -2
100
AcDbLine
 10
1122.815598994244
 20
130.1025583787778
 30
0.0
 11
1112.70568632376
 21
140.2715933455804
 31
0.0
  0
LINE
  5
11F
330
AB
100
AcDbEntity
  8
0
  6
Continuous
 62
    18
420
        0
370
    -2
100
AcDbLine
 10
1106.05571042987
 20
148.7587467277009
 30
0.0
 11
1104.960665506019
 21
149.8537916515522
 31
0.0
  0
LINE
  5
120
330
AB
100
AcDbEntity
  8
0
  6
Continuous
 62
    18
420
        0
370
    -2
100
AcDbLine
 10
1086.308863459451
 20
168.5055936981199
 30
0.0
 11
1079.628043975448
 21
175.1272908858053
 31
0.0
  0
LINE
  5
121
330
AB
100
AcDbEntity
  8
0
  6
Continuous
 62
    18
420
        0
370
    -2
100
AcDbLine
 10
1134.434412662808
 20
128.420676794096
 30
0.0
 11
1124.324499992323
 21
138.5897117608982
 31
0.0
  0
LINE
  5
122
330
AB
100
AcDbEntity
  8
0
  6
Continuous
 62
    18
420
        0
370
    -2
100
AcDbLine
 10
1118.234903471508
 20
144.6793082817162
 30
0.0
 11
1108.065868504705
 21
154.8483432485187
 31
0.0
  0
LINE
  5
123
330
AB
100
AcDbEntity
  8
0
  6
Continuous
 62
    18
420
        0
370
    -2
100
AcDbLine
 10
1085.717640496265
 20
177.196571256957
 30
0.0
 11
1083.175381754564
 21
179.679707702339
 31
0.0
  0
LINE
  5
124
330
AB
100
AcDbEntity
  8
0
  6
Continuous
 62
    18
420
        0
370
    -2
100
AcDbLine
 10
1142.593289554779
 20
128.420676794096
 30
0.0
 11
1136.503693033961
 21
134.5102733149137
 31
0.0
  0
LINE
  5
125
330
AB
100
AcDbEntity
  8
0
  6
Continuous
 62
    18
420
        0
370
    -2
100
AcDbLine
 10
1130.414096513144
 20
140.5998698357314
 30
0.0
 11
1120.599795324253
 21
150.4141710246223
 31
0.0
  0
LINE
  5
126
330
AB
100
AcDbEntity
  8
0
  6
Continuous
 62
    18
420
        0
370
    -2
100
AcDbLine
 10
1112.677407617558
 20
158.3365587313172
 30
0.0
 11
1104.960665506019
 21
166.0533008428535
 31
0.0
  0
LINE
  5
127
330
AB
100
AcDbEntity
  8
0
  6
Continuous
 62
    18
420
        0
370
    -2
100
AcDbLine
 10
1150.752166446749
 20
128.420676794096
 30
0.0
 11
1148.682886075595
 21
130.4899571652477
 31
0.0
  0
LINE
  5
128
330
AB
100
AcDbEntity
  8
0
  6
Continuous
 62
    18
420
        0
370
    -2
100
AcDbLine
 10
1143.153668927848
 20
134.1819968247626
 30
0.0
 11
1132.984633961046
 21
144.2919094952466
 31
0.0
  0
LINE
  5
129
330
AB
100
AcDbEntity
  8
0
  6
Continuous
 62
    18
420
        0
370
    -2
100
AcDbLine
 10
1126.334658067159
 20
152.779062877367
 30
0.0
 11
1121.427507472714
 21
157.7453357681311
 31
0.0
  0
LINE
  5
12A
330
AB
100
AcDbEntity
  8
0
  6
Continuous
 62
    18
420
        0
370
    -2
100
AcDbLine
 10
1110.076026579536
 20
169.0376943649875
 30
0.0
 11
1104.960665506019
 21
174.2063404496869
 31
0.0
  0
LINE
  5
12B
330
AB
100
AcDbEntity
  8
0
  6
Continuous
 62
    18
420
        0
370
    -2
100
AcDbLine
 10
1155.332861969485
 20
130.1025583787778
 30
0.0
 11
1145.16382700268
 21
140.2715933455804
 31
0.0
  0
LINE
  5
12C
330
AB
100
AcDbEntity
  8
0
  6
Continuous
 62
    18
420
        0
370
    -2
100
AcDbLine
 10
1138.513851108793
 20
148.7587467277009
 30
0.0
 11
1128.344816141991
 21
158.9277816945036
 31
0.0
  0
LINE
  5
12D
330
AB
100
AcDbEntity
  8
0
  6
Continuous
 62
    18
420
        0
370
    -2
100
AcDbLine
 10
1122.255219621175
 20
165.0173782153213
 30
0.0
 11
1121.427507472714
 21
165.845090363782
 31
0.0
  0
LINE
  5
12E
330
AB
100
AcDbEntity
  8
0
  6
Continuous
 62
    18
420
        0
370
    -2
100
AcDbLine
 10
1120.008572361067
 20
167.2640254754288
 30
0.0
 11
1112.14530695069
 21
175.1272908858053
 31
0.0
  0
LINE
  5
12F
330
AB
100
AcDbEntity
  8
0
  6
Continuous
 62
    18
420
        0
370
    -2
100
AcDbLine
 10
1166.064841193269
 20
129.3075112388752
 30
0.0
 11
1156.782640671248
 21
138.5897117608982
 31
0.0
  0
LINE
  5
130
330
AB
100
AcDbEntity
  8
0
  6
Continuous
 62
    18
420
        0
370
    -2
100
AcDbLine
 10
1150.693044150431
 20
144.6793082817162
 30
0.0
 11
1140.524009183628
 21
154.8483432485187
 31
0.0
  0
LINE
  5
131
330
AB
100
AcDbEntity
  8
0
  6
Continuous
 62
    18
420
        0
370
    -2
100
AcDbLine
 10
1134.434412662808
 20
160.9379397693366
 30
0.0
 11
1124.324499992323
 21
171.1069747361392
 31
0.0
  0
LINE
  5
132
330
AB
100
AcDbEntity
  8
0
  6
Continuous
 62
    18
420
        0
370
    -2
100
AcDbLine
 10
1118.234903471508
 20
177.196571256957
 30
0.0
 11
1115.692644729805
 21
179.679707702339
 31
0.0
  0
LINE
  5
133
330
AB
100
AcDbEntity
  8
0
  6
Continuous
 62
    18
420
        0
370
    -2
100
AcDbLine
 10
1162.872237192064
 20
140.5998698357314
 30
0.0
 11
1152.703202225261
 21
150.768904802534
 31
0.0
  0
LINE
  5
134
330
AB
100
AcDbEntity
  8
0
  6
Continuous
 62
    18
420
        0
370
    -2
100
AcDbLine
 10
1146.613605704446
 20
156.8585013233518
 30
0.0
 11
1136.503693033961
 21
167.0275362901544
 31
0.0
  0
LINE
  5
135
330
AB
100
AcDbEntity
  8
0
  6
Continuous
 62
    18
420
        0
370
    -2
100
AcDbLine
 10
1130.414096513144
 20
173.1171328109722
 30
0.0
 11
1123.792399325458
 21
179.679707702339
 31
0.0
  0
LINE
  5
136
330
AB
100
AcDbEntity
  8
0
  6
Continuous
 62
    18
420
        0
370
    -2
100
AcDbLine
 10
1166.064841193269
 20
145.5661427264953
 30
0.0
 11
1164.941517563218
 21
146.6894663565493
 31
0.0
  0
LINE
  5
137
330
AB
100
AcDbEntity
  8
0
  6
Continuous
 62
    18
420
        0
370
    -2
100
AcDbLine
 10
1158.851921042398
 20
152.779062877367
 30
0.0
 11
1148.682886075595
 21
162.9480978441696
 31
0.0
  0
LINE
  5
138
330
AB
100
AcDbEntity
  8
0
  6
Continuous
 62
    18
420
        0
370
    -2
100
AcDbLine
 10
1142.593289554779
 20
169.0376943649875
 30
0.0
 11
1132.424254587977
 21
179.20672933179
 31
0.0
  0
LINE
  5
139
330
AB
100
AcDbEntity
  8
0
  6
Continuous
 62
    18
420
        0
370
    -2
100
AcDbLine
 10
1166.064841193269
 20
153.6658973221462
 30
0.0
 11
1160.862079117233
 21
158.9277816945036
 31
0.0
  0
LINE
  5
13A
330
AB
100
AcDbEntity
  8
0
  6
Continuous
 62
    18
420
        0
370
    -2
100
AcDbLine
 10
1154.772482596415
 20
165.0173782153213
 30
0.0
 11
1144.603447629613
 21
175.1272908858053
 31
0.0
  0
LINE
  5
13B
330
AB
100
AcDbEntity
  8
0
  6
Continuous
 62
    18
420
        0
370
    -2
100
AcDbLine
 10
1166.064841193269
 20
161.7656519177972
 30
0.0
 11
1156.782640671248
 21
171.1069747361392
 31
0.0
  0
LINE
  5
13C
330
AB
100
AcDbEntity
  8
0
  6
Continuous
 62
    18
420
        0
370
    -2
100
AcDbLine
 10
1150.693044150431
 20
177.196571256957
 30
0.0
 11
1148.15078540873
 21
179.679707702339
 31
0.0
  0
LINE
  5
13D
330
AB
100
AcDbEntity
  8
0
  6
Continuous
 62
    18
420
        0
370
    -2
100
AcDbLine
 10
1162.872237192064
 20
173.1171328109722
 30
0.0
 11
1156.309662300699
 21
179.679707702339
 31
0.0
  0
LINE
  5
13E
330
AB
100
AcDbEntity
  8
0
  6
Continuous
 62
    18
420
        0
370
    -2
100
AcDbLine
 10
1166.064841193269
 20
178.0242834054177
 30
0.0
 11
1164.941517563218
 21
179.20672933179
 31
0.0
  0
LINE
  5
13F
330
AB
100
AcDbEntity
  8
0
  6
Continuous
 62
    18
420
        0
370
    20
100
AcDbLine
 10
1024.585186102814
 20
128.420676794096
 30
0.0
 11
1166.064841193269
 21
128.420676794096
 31
0.0
  0
TEXT
  5
140
330
AB
100
AcDbEntity
  8
0
 62
   251
420
  5526612
100
AcDbText
 10
1023.445106775693
 20
120.0211438794303
 30
0.0
 40
3.870633061920643
  1
Aanleg in open sleuf op 80cm diepte, tenzij anders vermeld
  7
ISOCPEUR$001H0
100
AcDbText
  0
LWPOLYLINE
  5
141
330
AB
100
AcDbEntity
  8
0
  6
Continuous
 62
     7
370
    20
100
AcDbPolyline
 90
        4
 70
     1
 43
0.0
 10
1022.009449693461
 20
112.4852670587386
 10
1167.627665526223
 20
112.9014697579079
 10
1167.627665526223
 20
206.9546753504623
 10
1022.009449693461
 20
207.3765526501231
  0
LINE
  5
142
330
AB
100
AcDbEntity
  8
0
 62
    18
420
        0
100
AcDbLine
 10
843.8544889052804
 20
47.23645796527547
 30
0.0
 11
843.8544889052806
 21
829.9999999999993
 31
0.0
  0
LINE
  5
143
330
AB
100
AcDbEntity
  8
0
 62
    18
420
        0
 48
0.3
370
     5
100
AcDbLine
 10
1172.999999999996
 20
829.9999999999993
 30
0.0
 11
843.8544889052806
 21
829.9999999999993
 31
0.0
  0
MTEXT
  5
144
330
AB
100
AcDbEntity
  8
0
 62
    18
420
        0
 48
0.3
370
     5
100
AcDbMText
 10
853.5948567544037
 20
810.1525244304475
 30
0.0
 40
19.99999999999997
 41
119.5071042737325
 46
0.0
 71
     1
 72
     5
  1
{\fISOCPEUR|b1|i0|c0|p34;\LLigging:}
  7
Fabricom-ISO
 73
     1
 44
1.0
101
Embedded Object
 70
     1
 10
1.0
 20
0.0
 30
0.0
 11
853.5948567544037
 21
810.1525244304475
 31
0.0
 40
119.5071042737325
 41
0.0
 42
83.99999999999986
 43
25.99999999999996
 71
     2
 72
     1
 44
119.5071042737325
 45
52.45568945086699
 73
     0
 74
     0
 46
0.0
  0
LINE
  5
145
330
AB
100
AcDbEntity
  8
0
 62
    18
420
        0
 48
0.3
370
     5
100
AcDbLine
 10
843.8544889052804
 20
610.090956948782
 30
0.0
 11
1172.999999999996
 21
610.090956948782
 31
0.0
  0
LINE
  5
146
330
AB
100
AcDbEntity
  8
0
 62
    18
420
        0
 48
0.3
370
     5
100
AcDbLine
 10
843.8544889052804
 20
510.0909569487811
 30
0.0
 11
1172.999999999996
 21
510.0909569487812
 31
0.0
  0
LINE
  5
147
330
AB
100
AcDbEntity
  8
0
 62
    18
420
        0
 48
0.3
370
     5
100
AcDbLine
 10
1003.854488905281
 20
510.0909569487811
 30
0.0
 11
1003.854488905281
 21
610.090956948782
 31
0.0
  0
LINE
  5
148
330
AB
100
AcDbEntity
  8
0
 62
    18
420
        0
 48
0.3
370
     5
100
AcDbLine
 10
843.8544889052804
 20
460.0909569487812
 30
0.0
 11
1172.999999999996
 21
460.0909569487814
 31
0.0
  0
LINE
  5
149
330
AB
100
AcDbEntity
  8
0
 62
    18
420
        0
 48
0.3
370
     5
100
AcDbLine
 10
843.8544889052804
 20
390.0909569487816
 30
0.0
 11
1172.999999999996
 21
390.0909569487818
 31
0.0
  0
LINE
  5
14A
330
AB
100
AcDbEntity
  8
0
 62
    18
420
        0
 48
0.3
370
     5
100
AcDbLine
 10
843.8544889052804
 20
354.0910408125164
 30
0.0
 11
1172.999999999996
 21
354.0910408125165
 31
0.0
  0
MTEXT
  5
14B
330
AB
100
AcDbEntity
  8
0
 62
    18
420
        0
 48
0.3
370
     5
100
AcDbMText
 10
853.5948567544037
 20
598.3725903819991
 30
0.0
 40
7.614699999999992
 41
119.5071042737325
 46
0.0
 71
     1
 72
     5
  1
{\LPROJECTVERANTWOORDELIJKE:}
  7
Fabricom-ISO
 73
     1
 44
1.0
101
Embedded Object
 70
     1
 10
1.0
 20
0.0
 30
0.0
 11
853.5948567544037
 21
598.3725903819991
 31
0.0
 40
119.5071042737325
 41
0.0
 42
139.3490099999998
 43
9.13763999999999
 71
     2
 72
     1
 44
119.5071042737325
 45
52.45568945086699
 73
     0
 74
     0
 46
0.0
  0
MTEXT
  5
14C
330
AB
100
AcDbEntity
  8
0
 62
    18
420
        0
 48
0.3
370
     5
100
AcDbMText
 10
1098.018054565061
 20
598.3725903819991
 30
0.0
 40
7.614699999999992
 41
119.5071042737325
 46
0.0
 71
     3
 72
     5
  1
{\LOPDRACHTGEVER:}
  7
Fabricom-ISO
 73
     1
 44
1.0
101
Embedded Object
 70
     3
 10
1.0
 20
0.0
 30
0.0
 11
1098.018054565061
 21
598.3725903819991
 31
0.0
 40
119.5071042737325
 41
0.0
 42
79.19287999999991
 43
9.13763999999999
 71
     2
 72
     1
 44
119.5071042737325
 45
52.45568945086699
 73
     0
 74
     0
 46
0.0
  0
MTEXT
  5
14D
330
AB
100
AcDbEntity
  8
0
 62
    18
420
        0
 48
0.3
370
     5
100
AcDbMText
 10
882.8577990462234
 20
499.1483311067778
 30
0.0
 40
19.99999999999997
 41
119.5071042737325
 46
0.0
 71
     1
 72
     5
  1
{\fISOCPEUR|b1|i0|c0|p34;Vergunningsaanvraag:}
  7
Fabricom-ISO
 73
     1
 44
1.0
101
Embedded Object
 70
     1
 10
1.0
 20
0.0
 30
0.0
 11
882.8577990462234
 21
499.1483311067778
 31
0.0
 40
119.5071042737325
 41
0.0
 42
259.9999999999996
 43
25.99999999999996
 71
     2
 72
     1
 44
119.5071042737325
 45
52.45568945086699
 73
     0
 74
     0
 46
0.0
  0
MTEXT
  5
14E
330
AB
100
AcDbEntity
  8
0
 62
    18
420
        0
 48
0.3
370
     5
100
AcDbMText
 10
851.5381935124695
 20
379.4520641206308
 30
0.0
 40
3.999999999999996
 41
48.23476472557552
 46
0.0
 71
     1
 72
     5
  1
\pxql;{\LBegin der werken:}
  7
Fabricom-ISO
 73
     1
 44
1.0
101
Embedded Object
 70
     1
 10
1.0
 20
0.0
 30
0.0
 11
851.5381935124695
 21
379.4520641206308
 31
0.0
 40
48.23476472557552
 41
0.0
 42
43.19999999999995
 43
5.199999999999994
 71
     2
 72
     1
 44
48.23476472557552
 45
52.45568945086699
 73
     0
 74
     0
 46
0.0
  0
MTEXT
  5
14F
330
AB
100
AcDbEntity
  8
0
 62
    18
420
        0
 48
0.3
370
     5
100
AcDbMText
 10
851.5381935124695
 20
365.1774155117351
 30
0.0
 40
3.999999999999996
 41
45.48632343370439
 46
0.0
 71
     1
 72
     5
  1
\pxql;{\LEinde der werken:}
  7
Fabricom-ISO
 73
     1
 44
1.0
101
Embedded Object
 70
     1
 10
1.0
 20
0.0
 30
0.0
 11
851.5381935124695
 21
365.1774155117351
 31
0.0
 40
45.48632343370439
 41
0.0
 42
42.79999999999996
 43
4.799999999999995
 71
     2
 72
     1
 44
45.48632343370439
 45
52.45568945086699
 73
     0
 74
     0
 46
0.0
  0
MTEXT
  5
150
330
AB
100
AcDbEntity
  8
0
 62
    18
420
        0
 48
0.3
370
     5
100
AcDbMText
 10
1002.791022645112
 20
379.4520641206308
 30
0.0
 40
3.999999999999996
 41
48.23476472557552
 46
0.0
 71
     1
 72
     5
  1
\pxql;{\LGeplaatste lengte:}
  7
Fabricom-ISO
 73
     1
 44
1.0
101
Embedded Object
 70
     1
 10
1.0
 20
0.0
 30
0.0
 11
1002.791022645112
 21
379.4520641206308
 31
0.0
 40
48.23476472557552
 41
0.0
 42
44.39999999999995
 43
5.199999999999994
 71
     2
 72
     1
 44
48.23476472557552
 45
52.45568945086699
 73
     0
 74
     0
 46
0.0
  0
MTEXT
  5
151
330
AB
100
AcDbEntity
  8
0
 62
    18
420
        0
 48
0.3
370
     5
100
AcDbMText
 10
1002.791022645112
 20
365.1774155117351
 30
0.0
 40
3.999999999999996
 41
45.48632343370439
 46
0.0
 71
     1
 72
     5
  1
\pxql;{\LGesloopte lengte:}
  7
Fabricom-ISO
 73
     1
 44
1.0
101
Embedded Object
 70
     1
 10
1.0
 20
0.0
 30
0.0
 11
1002.791022645112
 21
365.1774155117351
 31
0.0
 40
45.48632343370439
 41
0.0
 42
41.99999999999995
 43
5.199999999999994
 71
     2
 72
     1
 44
45.48632343370439
 45
52.45568945086699
 73
     0
 74
     0
 46
0.0
  0
MTEXT
  5
152
330
AB
100
AcDbEntity
  8
0
 62
    18
420
        0
 48
0.3
370
     5
100
AcDbMText
 10
1093.226398654814
 20
379.4520641206308
 30
0.0
 40
3.999999999999996
 41
48.23476472557552
 46
0.0
 71
     1
 72
     5
  1
\pxql;{\LUitgevoerd door:}
  7
Fabricom-ISO
 73
     1
 44
1.0
101
Embedded Object
 70
     1
 10
1.0
 20
0.0
 30
0.0
 11
1093.226398654814
 21
379.4520641206308
 31
0.0
 40
48.23476472557552
 41
0.0
 42
39.59999999999996
 43
5.199999999999994
 71
     2
 72
     1
 44
48.23476472557552
 45
52.45568945086699
 73
     0
 74
     0
 46
0.0
  0
LINE
  5
153
330
AB
100
AcDbEntity
  8
0
 62
    18
420
        0
 48
0.3
370
     5
100
AcDbLine
 10
1085.511100520176
 20
390.0909569487818
 30
0.0
 11
1085.511100520176
 21
232.0909569487817
 31
0.0
  0
MTEXT
  5
154
330
AB
100
AcDbEntity
  8
0
 62
    18
420
        0
 48
0.3
370
     5
100
AcDbMText
 10
1093.226398654814
 20
349.6775873561163
 30
0.0
 40
3.999999999999996
 41
48.23476472557552
 46
0.0
 71
     1
 72
     5
  1
\pxql;{\LEngineering:}
  7
Fabricom-ISO
 73
     1
 44
1.0
101
Embedded Object
 70
     1
 10
1.0
 20
0.0
 30
0.0
 11
1093.226398654814
 21
349.6775873561163
 31
0.0
 40
48.23476472557552
 41
0.0
 42
27.59999999999998
 43
5.199999999999994
 71
     2
 72
     1
 44
48.23476472557552
 45
52.45568945086699
 73
     0
 74
     0
 46
0.0
  0
LINE
  5
155
330
AB
100
AcDbEntity
  8
0
 62
    18
420
        0
 48
0.3
370
     5
100
AcDbLine
 10
942.9611718971461
 20
354.0910408125164
 30
0.0
 11
942.9611718971461
 21
232.0909569487817
 31
0.0
  0
LINE
  5
156
330
AB
100
AcDbEntity
  8
0
 62
    18
420
        0
 48
0.3
370
     5
100
AcDbLine
 10
843.8544889052804
 20
328.0909569487816
 30
0.0
 11
1085.511100520176
 21
328.0909569487817
 31
0.0
  0
LINE
  5
157
330
AB
100
AcDbEntity
  8
0
 62
    18
420
        0
 48
0.3
370
     5
100
AcDbLine
 10
843.8544889052804
 20
316.0909569487817
 30
0.0
 11
1085.511100520176
 21
316.0909569487817
 31
0.0
  0
LINE
  5
158
330
AB
100
AcDbEntity
  8
0
 62
    18
420
        0
 48
0.3
370
     5
100
AcDbLine
 10
843.8544889052804
 20
304.0909569487815
 30
0.0
 11
1172.999999999996
 21
304.0909569487816
 31
0.0
  0
MTEXT
  5
159
330
AB
100
AcDbEntity
  8
0
 62
    18
420
        0
 48
0.3
370
     5
100
AcDbMText
 10
845.5324653148727
 20
348.7742153357462
 30
0.0
 40
3.999999999999996
 41
48.23476472557552
 46
0.0
 71
     1
 72
     5
  1
\pxql;Te plaatsen net:
  7
Fabricom-ISO
 73
     1
 44
1.0
101
Embedded Object
 70
     1
 10
1.0
 20
0.0
 30
0.0
 11
845.5324653148727
 21
348.7742153357462
 31
0.0
 40
48.23476472557552
 41
0.0
 42
39.99999999999996
 43
5.199999999999994
 71
     2
 72
     1
 44
48.23476472557552
 45
52.45568945086699
 73
     0
 74
     0
 46
0.0
  0
LINE
  5
15A
330
AB
100
AcDbEntity
  8
0
 62
    18
420
        0
 48
0.3
370
     5
100
AcDbLine
 10
919.468687184592
 20
354.0910408125164
 30
0.0
 11
919.468687184592
 21
232.0909569487817
 31
0.0
  0
MTEXT
  5
15B
330
AB
100
AcDbEntity
  8
0
 62
    18
420
        0
 48
0.3
370
     5
100
AcDbMText
 10
845.5324653148727
 20
335.8342780227149
 30
0.0
 40
2.999999999999996
 41
78.9670021657556
 46
0.0
 71
     1
 72
     5
  1
\pxql;DB7 glasvezelbuis grijze streep
  7
Fabricom-ISO
 73
     1
 44
1.0
101
Embedded Object
 70
     1
 10
1.0
 20
0.0
 30
0.0
 11
845.5324653148727
 21
335.8342780227149
 31
0.0
 40
78.9670021657556
 41
0.0
 42
57.89999999999992
 43
3.899999999999995
 71
     2
 72
     1
 44
78.9670021657556
 45
52.45568945086699
 73
     0
 74
     0
 46
0.0
  0
MTEXT
  5
15C
330
AB
100
AcDbEntity
  8
0
 62
    18
420
        0
 48
0.3
370
     5
100
AcDbMText
 10
845.5324653148727
 20
324.242684947551
 30
0.0
 40
2.999999999999996
 41
62.73110294109017
 46
0.0
 71
     1
 72
     5
  1
\pxql;DB7 glasvezelbuis oranje streep
  7
Fabricom-ISO
 73
     1
 44
1.0
101
Embedded Object
 70
     1
 10
1.0
 20
0.0
 30
0.0
 11
845.5324653148727
 21
324.242684947551
 31
0.0
 40
62.73110294109017
 41
0.0
 42
59.09999999999993
 43
3.899999999999995
 71
     2
 72
     1
 44
62.73110294109017
 45
52.45568945086699
 73
     0
 74
     0
 46
0.0
  0
MTEXT
  5
15D
330
AB
100
AcDbEntity
  8
0
 62
    18
420
        0
 48
0.3
370
     5
100
AcDbMText
 10
924.7967617697993
 20
348.1527377275292
 30
0.0
 40
3.999999999999996
 41
4.353231926163963
 46
0.0
 71
     1
 72
     5
  1
\pxql;m
  7
Fabricom-ISO
 73
     1
 44
1.0
101
Embedded Object
 70
     1
 10
1.0
 20
0.0
 30
0.0
 11
924.7967617697993
 21
348.1527377275292
 31
0.0
 40
4.353231926163963
 41
0.0
 42
2.799999999999997
 43
3.999999999999996
 71
     2
 72
     1
 44
4.353231926163963
 45
52.45568945086699
 73
     0
 74
     0
 46
0.0
  0
LWPOLYLINE
  5
15E
330
AB
100
AcDbEntity
  8
0
 62
    18
420
        0
 48
0.3
370
     5
100
AcDbPolyline
 90
        3
 70
     0
 43
0.0
 10
1012.876146655659
 20
112.6529083984451
 10
1012.876146655659
 20
46.8149102962146
 10
1012.876146655659
 20
9.99999999999998
  0
MTEXT
  5
15F
330
AB
100
AcDbEntity
  8
0
 62
    18
420
        0
 48
0.3
370
     5
100
AcDbMText
 10
851.5381935124695
 20
230.5590405879149
 30
0.0
 40
3.999999999999996
 41
48.23476472557552
 46
0.0
 71
     1
 72
     5
  1
\pxql;{\LLegende:}
  7
Fabricom-ISO
 73
     1
 44
1.0
101
Embedded Object
 70
     1
 10
1.0
 20
0.0
 30
0.0
 11
851.5381935124695
 21
230.5590405879149
 31
0.0
 40
48.23476472557552
 41
0.0
 42
19.99999999999998
 43
5.199999999999994
 71
     2
 72
     1
 44
48.23476472557552
 45
52.45568945086699
 73
     0
 74
     0
 46
0.0
  0
LINE
  5
160
330
AB
100
AcDbEntity
  8
0
 62
    18
420
        0
 48
0.3
370
     5
100
AcDbLine
 10
1085.507250879823
 20
280.0909569487817
 30
0.0
 11
1172.999999999996
 21
280.0909569487818
 31
0.0
  0
LINE
  5
161
330
AB
100
AcDbEntity
  8
0
 62
    18
420
        0
 48
0.3
370
     5
100
AcDbLine
 10
1085.50340123947
 20
268.0909569487817
 30
0.0
 11
1172.999999999996
 21
268.0909569487818
 31
0.0
  0
LINE
  5
162
330
AB
100
AcDbEntity
  8
0
 62
    18
420
        0
 48
0.3
370
     5
100
AcDbLine
 10
1085.499551599117
 20
256.0909569487817
 30
0.0
 11
1172.999999999996
 21
256.0909569487817
 31
0.0
  0
MTEXT
  5
163
330
AB
100
AcDbEntity
  8
0
 62
    18
420
        0
 48
0.3
370
     5
100
AcDbMText
 10
1091.476723198389
 20
301.0147592546535
 30
0.0
 40
3.999999999999996
 41
48.23476472557552
 46
0.0
 71
     1
 72
     5
  1
\pxql;{\LDossiernummer:}
  7
Fabricom-ISO
 73
     1
 44
1.0
101
Embedded Object
 70
     1
 10
1.0
 20
0.0
 30
0.0
 11
1091.476723198389
 21
301.0147592546535
 31
0.0
 40
48.23476472557552
 41
0.0
 42
36.39999999999997
 43
4.799999999999995
 71
     2
 72
     1
 44
48.23476472557552
 45
52.45568945086699
 73
     0
 74
     0
 46
0.0
  0
MTEXT
  5
164
330
AB
100
AcDbEntity
  8
0
 62
    18
420
        0
 48
0.3
370
     5
100
AcDbMText
 10
1091.476723198389
 20
277.3574093052707
 30
0.0
 40
3.999999999999996
 41
48.23476472557552
 46
0.0
 71
     1
 72
     5
  1
\pxql;{\LOpgemaakt:}
  7
Fabricom-ISO
 73
     1
 44
1.0
101
Embedded Object
 70
     1
 10
1.0
 20
0.0
 30
0.0
 11
1091.476723198389
 21
277.3574093052707
 31
0.0
 40
48.23476472557552
 41
0.0
 42
26.39999999999997
 43
5.199999999999994
 71
     2
 72
     1
 44
48.23476472557552
 45
52.45568945086699
 73
     0
 74
     0
 46
0.0
  0
MTEXT
  5
165
330
AB
100
AcDbEntity
  8
0
 62
    18
420
        0
 48
0.3
370
     5
100
AcDbMText
 10
1091.23094169264
 20
240.3598937488707
 30
0.0
 40
3.999999999999996
 41
48.23476472557552
 46
0.0
 71
     1
 72
     5
  1
\pxql;{\LGetekend door:}
  7
Fabricom-ISO
 73
     1
 44
1.0
101
Embedded Object
 70
     1
 10
1.0
 20
0.0
 30
0.0
 11
1091.23094169264
 21
240.3598937488707
 31
0.0
 40
48.23476472557552
 41
0.0
 42
35.99999999999996
 43
4.799999999999995
 71
     2
 72
     1
 44
48.23476472557552
 45
52.45568945086699
 73
     0
 74
     0
 46
0.0
  0
MTEXT
  5
166
330
AB
100
AcDbEntity
  8
0
 62
    18
420
        0
 48
0.3
370
     5
100
AcDbMText
 10
1092.019844998388
 20
253.1257844745411
 30
0.0
 40
3.999999999999996
 41
48.23476472557552
 46
0.0
 71
     1
 72
     5
  1
\pxql;{\LNagekeken:}
  7
Fabricom-ISO
 73
     1
 44
1.0
101
Embedded Object
 70
     1
 10
1.0
 20
0.0
 30
0.0
 11
1092.019844998388
 21
253.1257844745411
 31
0.0
 40
48.23476472557552
 41
0.0
 42
25.99999999999998
 43
5.199999999999994
 71
     2
 72
     1
 44
48.23476472557552
 45
52.45568945086699
 73
     0
 74
     0
 46
0.0
  0
LINE
  5
167
330
AB
100
AcDbEntity
  8
0
  6
Continuous
 62
    18
420
        0
370
    15
100
AcDbLine
 10
1024.585186102814
 20
84.35398671134009
 30
0.0
 11
1086.308863459451
 21
84.35398671134009
 31
0.0
  0
LINE
  5
168
330
AB
100
AcDbEntity
  8
0
  6
Continuous
 62
    18
420
        0
370
    15
100
AcDbLine
 10
1024.585186102814
 20
81.33874959909054
 30
0.0
 11
1086.308863459451
 21
81.33874959909054
 31
0.0
  0
LWPOLYLINE
  5
169
102
{ACAD_REACTORS
330
25A
102
}
330
AB
100
AcDbEntity
  8
0
  6
Continuous
 62
     7
370
    15
100
AcDbPolyline
 90
        5
 70
     0
 43
0.0
 10
1086.869242832521
 20
81.95642985003752
 10
1086.869242832521
 20
33.77175835036233
 10
1104.960665506019
 20
33.77175835036233
 10
1104.960665506019
 20
81.95642985003752
 10
1166.625220566338
 20
81.95642985003752
  0
LINE
  5
16A
330
AB
100
AcDbEntity
  8
0
  6
Continuous
 62
    18
420
        0
370
    20
100
AcDbLine
 10
1104.400286132948
 20
39.18455232391448
 30
0.0
 11
1122.964687176997
 21
39.18455232391448
 31
0.0
  0
LINE
  5
16B
330
AB
100
AcDbEntity
  8
0
  6
Continuous
 62
    18
420
        0
370
    20
100
AcDbLine
 10
1104.400286132948
 20
84.35398671134009
 30
0.0
 11
1122.964687176997
 21
84.35398671134009
 31
0.0
  0
LINE
  5
16C
330
AB
100
AcDbEntity
  8
0
  6
Continuous
 62
    18
420
        0
370
    20
100
AcDbLine
 10
1122.047009142101
 20
36.78699546261196
 30
0.0
 11
1122.047009142101
 21
81.95642985003752
 31
0.0
  0
LINE
  5
16D
330
AB
100
AcDbEntity
  8
0
  6
Continuous
 62
    18
420
        0
370
    20
100
AcDbLine
 10
1120.126816953704
 20
40.54436513924279
 30
0.0
 11
1122.84644258436
 21
37.76561721226774
 31
0.0
  0
LINE
  5
16E
330
AB
100
AcDbEntity
  8
0
  6
Continuous
 62
    18
420
        0
370
    20
100
AcDbLine
 10
1122.84644258436
 20
82.99417389601188
 30
0.0
 11
1120.126816953704
 21
85.77292182298696
 31
0.0
  0
LWPOLYLINE
  5
16F
330
AB
100
AcDbEntity
  8
0
  6
Continuous
 62
     7
420
 16777215
370
    -2
100
AcDbPolyline
 90
        3
 70
     1
 43
0.0
 10
1115.397033248214
 20
54.97020544098597
 10
1120.777162213208
 20
54.97020544098597
 10
1115.397033248214
 20
66.20344174152382
  0
LWPOLYLINE
  5
170
330
AB
100
AcDbEntity
  8
0
  6
Continuous
 62
     7
420
 16777215
370
    -2
100
AcDbPolyline
 90
        3
 70
     0
 43
0.0
 10
1120.777162213208
 20
54.97020544098597
 10
1115.397033248214
 20
66.20344174152382
 10
1120.777162213208
 20
66.20344174152382
  0
HATCH
  5
171
330
AB
100
AcDbEntity
  8
0
 62
     7
420
 16777215
100
AcDbHatch
 10
0.0
 20
0.0
 30
0.0
210
0.0
220
0.0
230
1.0
  2
SOLID
 70
     1
 71
     0
 91
        2
 92
        7
 72
     0
 73
     1
 93
        3
 10
1115.397033248214
 20
54.97020544098597
 10
1120.777162213208
 20
54.97020544098597
 10
1115.397033248214
 20
66.20344174152382
 97
        0
 92
        7
 72
     0
 73
     1
 93
        3
 10
1120.777162213208
 20
54.97020544098597
 10
1115.397033248214
 20
66.20344174152382
 10
1120.777162213208
 20
66.20344174152382
 97
        0
 75
     0
 76
     1
 47
0.000001
 98
        0
450
        0
451
        0
460
0.0
461
1.0
452
        0
462
0.0
453
        0
470

  0
TEXT
  5
172
330
AB
100
AcDbEntity
  8
0
 62
     7
100
AcDbText
 10
1119.358227101562
 20
55.44318381153498
 30
0.0
 40
3.086094625609477
  1
0,8 m
 50
90.0
  7
ISOCPEUR$001H0
100
AcDbText
  0
LINE
  5
173
330
AB
100
AcDbEntity
  8
0
  6
Continuous
 62
    18
420
        0
370
    20
100
AcDbLine
 10
1086.308863459451
 20
84.35398671134009
 30
0.0
 11
1086.308863459451
 21
89.97060486160904
 31
0.0
  0
LINE
  5
174
330
AB
100
AcDbEntity
  8
0
  6
Continuous
 62
    18
420
        0
370
    20
100
AcDbLine
 10
1104.400286132948
 20
84.35398671134009
 30
0.0
 11
1104.400286132948
 21
89.97060486160904
 31
0.0
  0
LINE
  5
175
330
AB
100
AcDbEntity
  8
0
  6
Continuous
 62
    18
420
        0
370
    20
100
AcDbLine
 10
1086.308863459451
 20
88.49254745364346
 30
0.0
 11
1104.400286132948
 21
88.49254745364346
 31
0.0
  0
LINE
  5
176
330
AB
100
AcDbEntity
  8
0
  6
Continuous
 62
    18
420
        0
370
    20
100
AcDbLine
 10
1087.668676274782
 20
89.85236026897172
 30
0.0
 11
1084.949050644123
 21
87.13273463831518
 31
0.0
  0
LINE
  5
177
330
AB
100
AcDbEntity
  8
0
  6
Continuous
 62
    18
420
        0
370
    20
100
AcDbLine
 10
1103.040473317621
 20
87.13273463831518
 30
0.0
 11
1105.760098948279
 21
89.85236026897172
 31
0.0
  0
LWPOLYLINE
  5
178
330
AB
100
AcDbEntity
  8
0
  6
Continuous
 62
     7
420
 16777215
370
    -2
100
AcDbPolyline
 90
        3
 70
     1
 43
0.0
 10
1089.737956645933
 20
94.5230216781427
 10
1089.737956645933
 20
89.1428927131484
 10
1100.971192946471
 20
94.5230216781427
  0
LWPOLYLINE
  5
179
330
AB
100
AcDbEntity
  8
0
  6
Continuous
 62
     7
420
 16777215
370
    -2
100
AcDbPolyline
 90
        3
 70
     0
 43
0.0
 10
1089.737956645933
 20
89.1428927131484
 10
1100.971192946471
 20
94.5230216781427
 10
1100.971192946471
 20
89.1428927131484
  0
HATCH
  5
17A
330
AB
100
AcDbEntity
  8
0
 62
     7
420
 16777215
100
AcDbHatch
 10
0.0
 20
0.0
 30
0.0
210
0.0
220
0.0
230
1.0
  2
SOLID
 70
     1
 71
     0
 91
        2
 92
        7
 72
     0
 73
     1
 93
        3
 10
1089.737956645933
 20
94.5230216781427
 10
1089.737956645933
 20
89.1428927131484
 10
1100.971192946471
 20
94.5230216781427
 97
        0
 92
        7
 72
     0
 73
     1
 93
        3
 10
1089.737956645933
 20
89.1428927131484
 10
1100.971192946471
 20
94.5230216781427
 10
1100.971192946471
 20
89.1428927131484
 97
        0
 75
     0
 76
     1
 47
0.000001
 98
        0
450
        0
451
        0
460
0.0
461
1.0
452
        0
462
0.0
453
        0
470

  0
TEXT
  5
17B
330
AB
100
AcDbEntity
  8
0
 62
     7
100
AcDbText
 10
1090.210935016482
 20
90.56182782479522
 30
0.0
 40
3.086094625609494
  1
0,3 m
  7
ISOCPEUR$001H0
100
AcDbText
  0
LINE
  5
17C
330
AB
100
AcDbEntity
  8
0
  6
Continuous
 62
    18
420
        0
370
    15
100
AcDbLine
 10
1166.064841193269
 20
84.35398671134009
 30
0.0
 11
1104.400286132948
 21
84.35398671134009
 31
0.0
  0
LINE
  5
17D
330
AB
100
AcDbEntity
  8
0
  6
Continuous
 62
    18
420
        0
370
    15
100
AcDbLine
 10
1166.064841193269
 20
81.33874959909054
 30
0.0
 11
1104.960665506019
 21
81.33874959909054
 31
0.0
  0
LINE
  5
17E
330
AB
100
AcDbEntity
  8
0
  6
Continuous
 62
    18
420
        0
370
    25
100
AcDbLine
 10
1031.975473142641
 20
57.33509729373075
 30
0.0
 11
1031.975473142641
 21
57.33509729373075
 31
0.0
  0
LINE
  5
17F
330
AB
100
AcDbEntity
  8
0
  6
Continuous
 62
    18
420
        0
370
    -2
100
AcDbLine
 10
1024.585186102814
 20
74.5396855224493
 30
0.0
 11
1031.443372475774
 21
81.33874959909054
 31
0.0
  0
LINE
  5
180
330
AB
100
AcDbEntity
  8
0
  6
Continuous
 62
    18
420
        0
370
    -2
100
AcDbLine
 10
1024.585186102814
 20
66.43993092679835
 30
0.0
 11
1039.543127071425
 21
81.33874959909054
 31
0.0
  0
LINE
  5
181
330
AB
100
AcDbEntity
  8
0
  6
Continuous
 62
    18
420
        0
370
    -2
100
AcDbLine
 10
1024.585186102814
 20
58.28105403482862
 30
0.0
 11
1047.642881667076
 21
81.33874959909054
 31
0.0
  0
LINE
  5
182
330
AB
100
AcDbEntity
  8
0
  6
Continuous
 62
    18
420
        0
370
    -2
100
AcDbLine
 10
1024.585186102814
 20
50.18129943917781
 30
0.0
 11
1055.801758559044
 21
81.33874959909054
 31
0.0
  0
LINE
  5
183
330
AB
100
AcDbEntity
  8
0
  6
Continuous
 62
    18
420
        0
370
    -2
100
AcDbLine
 10
1024.585186102814
 20
42.081544843527
 30
0.0
 11
1063.901513154696
 21
81.33874959909054
 31
0.0
  0
LINE
  5
184
330
AB
100
AcDbEntity
  8
0
  6
Continuous
 62
    18
420
        0
370
    -2
100
AcDbLine
 10
1025.145565475884
 20
31.52511109025477
 30
0.0
 11
1072.561647123417
 21
78.9411927377879
 31
0.0
  0
LINE
  5
185
330
AB
100
AcDbEntity
  8
0
  6
Continuous
 62
    18
420
        0
370
    -2
100
AcDbLine
 10
1029.402370810825
 20
27.68216182954456
 30
0.0
 11
1080.720524015385
 21
78.9411927377879
 31
0.0
  0
LINE
  5
186
330
AB
100
AcDbEntity
  8
0
  6
Continuous
 62
    18
420
        0
370
    -2
100
AcDbLine
 10
1037.502125406476
 20
27.68216182954456
 30
0.0
 11
1086.869242832521
 21
76.9901569592734
 31
0.0
  0
LINE
  5
187
330
AB
100
AcDbEntity
  8
0
  6
Continuous
 62
    18
420
        0
370
    -2
100
AcDbLine
 10
1045.661002298444
 20
27.68216182954456
 30
0.0
 11
1086.869242832521
 21
68.89040236362245
 31
0.0
  0
LINE
  5
188
330
AB
100
AcDbEntity
  8
0
  6
Continuous
 62
    18
420
        0
370
    -2
100
AcDbLine
 10
1053.760756894094
 20
27.68216182954456
 30
0.0
 11
1086.869242832521
 21
60.73152547165277
 31
0.0
  0
LINE
  5
189
330
AB
100
AcDbEntity
  8
0
  6
Continuous
 62
    18
420
        0
370
    -2
100
AcDbLine
 10
1061.860511489746
 20
27.68216182954456
 30
0.0
 11
1086.869242832521
 21
52.63177087600188
 31
0.0
  0
LINE
  5
18A
330
AB
100
AcDbEntity
  8
0
  6
Continuous
 62
    18
420
        0
370
    -2
100
AcDbLine
 10
1104.960665506019
 20
73.68112978387294
 30
0.0
 11
1112.618285321238
 21
81.33874959909054
 31
0.0
  0
LINE
  5
18B
330
AB
100
AcDbEntity
  8
0
  6
Continuous
 62
    18
420
        0
370
    -2
100
AcDbLine
 10
1070.019388381717
 20
27.68216182954456
 30
0.0
 11
1086.869242832521
 21
44.53201628035104
 31
0.0
  0
LINE
  5
18C
330
AB
100
AcDbEntity
  8
0
  6
Continuous
 62
    18
420
        0
370
    -2
100
AcDbLine
 10
1104.960665506019
 20
65.57935215799435
 30
0.0
 11
1120.777162213208
 21
81.33874959909054
 31
0.0
  0
LINE
  5
18D
330
AB
100
AcDbEntity
  8
0
  6
Continuous
 62
    18
420
        0
370
    -2
100
AcDbLine
 10
1077.558763604298
 20
30.07971869084716
 30
0.0
 11
1086.308863459451
 21
38.77069624968415
 31
0.0
  0
LINE
  5
18E
330
AB
100
AcDbEntity
  8
0
  6
Continuous
 62
    18
420
        0
370
    -2
100
AcDbLine
 10
1116.402112285629
 20
68.9230673721803
 30
0.0
 11
1128.876916808857
 21
81.33874959909054
 31
0.0
  0
LINE
  5
18F
330
AB
100
AcDbEntity
  8
0
  6
Continuous
 62
    18
420
        0
370
    -2
100
AcDbLine
 10
1104.960665506019
 20
57.42650100605999
 30
0.0
 11
1112.677407617558
 21
65.19836270410735
 31
0.0
  0
LINE
  5
190
330
AB
100
AcDbEntity
  8
0
  6
Continuous
 62
    18
420
        0
370
    -2
100
AcDbLine
 10
1085.717640496265
 20
30.07971869084716
 30
0.0
 11
1089.373835110542
 21
33.77175835036233
 31
0.0
  0
LINE
  5
191
330
AB
100
AcDbEntity
  8
0
  6
Continuous
 62
    18
420
        0
370
    -2
100
AcDbLine
 10
1121.427507472714
 20
65.78958566729358
 30
0.0
 11
1136.976671404509
 21
81.33874959909054
 31
0.0
  0
LINE
  5
192
330
AB
100
AcDbEntity
  8
0
  6
Continuous
 62
    18
420
        0
370
    -2
100
AcDbLine
 10
1104.960665506019
 20
49.32674641040915
 30
0.0
 11
1112.677407617558
 21
57.09860810845627
 31
0.0
  0
LINE
  5
193
330
AB
100
AcDbEntity
  8
0
  6
Continuous
 62
    18
420
        0
370
    -2
100
AcDbLine
 10
1093.817395091918
 20
30.07971869084716
 30
0.0
 11
1097.509434751433
 21
33.77175835036231
 31
0.0
  0
LINE
  5
194
330
AB
100
AcDbEntity
  8
0
  6
Continuous
 62
    18
420
        0
370
    -2
100
AcDbLine
 10
1121.427507472714
 20
57.63070877532393
 30
0.0
 11
1145.13554829648
 21
81.33874959909054
 31
0.0
  0
LINE
  5
195
330
AB
100
AcDbEntity
  8
0
  6
Continuous
 62
    18
420
        0
370
    -2
100
AcDbLine
 10
1104.960665506019
 20
41.22298910495069
 30
0.0
 11
1115.810889322444
 21
52.07321292137361
 31
0.0
  0
LINE
  5
196
330
AB
100
AcDbEntity
  8
0
  6
Continuous
 62
    18
420
        0
370
    -2
100
AcDbLine
 10
1102.477529060639
 20
27.68216182954456
 30
0.0
 11
1153.795682265198
 21
78.9411927377879
 31
0.0
  0
LINE
  5
197
330
AB
100
AcDbEntity
  8
0
  6
Continuous
 62
    18
420
        0
370
    -2
100
AcDbLine
 10
1110.636405952606
 20
27.68216182954456
 30
0.0
 11
1161.89543686085
 21
78.9411927377879
 31
0.0
  0
LINE
  5
198
330
AB
100
AcDbEntity
  8
0
  6
Continuous
 62
    18
420
        0
370
    -2
100
AcDbLine
 10
1118.736160548258
 20
27.68216182954456
 30
0.0
 11
1166.625220566338
 21
75.57122184762651
 31
0.0
  0
LINE
  5
199
330
AB
100
AcDbEntity
  8
0
  6
Continuous
 62
    18
420
        0
370
    -2
100
AcDbLine
 10
1126.83591514391
 20
27.68216182954456
 30
0.0
 11
1166.625220566338
 21
67.4714672519757
 31
0.0
  0
LINE
  5
19A
330
AB
100
AcDbEntity
  8
0
  6
Continuous
 62
    18
420
        0
370
    -2
100
AcDbLine
 10
1134.434412662808
 20
30.07971869084716
 30
0.0
 11
1166.064841193269
 21
61.71014722130864
 31
0.0
  0
LINE
  5
19B
330
AB
100
AcDbEntity
  8
0
  6
Continuous
 62
    18
420
        0
370
    -2
100
AcDbLine
 10
1143.09454663153
 20
27.68216182954456
 30
0.0
 11
1166.625220566338
 21
51.21283576435512
 31
0.0
  0
LINE
  5
19C
330
AB
100
AcDbEntity
  8
0
  6
Continuous
 62
    18
420
        0
370
    -2
100
AcDbLine
 10
1151.2534235235
 20
27.68216182954456
 30
0.0
 11
1166.625220566338
 21
43.11308116870423
 31
0.0
  0
LINE
  5
19D
330
AB
100
AcDbEntity
  8
0
  6
Continuous
 62
    18
420
        0
370
    -2
100
AcDbLine
 10
1158.792798746081
 20
30.07971869084716
 30
0.0
 11
1166.064841193269
 21
37.35176113803737
 31
0.0
  0
LINE
  5
19E
330
AB
100
AcDbEntity
  8
0
  6
Continuous
 62
    18
420
        0
370
    -2
100
AcDbLine
 10
1024.821675288087
 20
34.15915713683193
 30
0.0
 11
1024.585186102814
 21
34.39564632210641
 31
0.0
  0
LINE
  5
19F
330
AB
100
AcDbEntity
  8
0
  6
Continuous
 62
    18
420
        0
370
    -2
100
AcDbLine
 10
1037.000868329725
 20
30.07971869084716
 30
0.0
 11
1026.831833362921
 21
40.24875365764962
 31
0.0
  0
LINE
  5
1A0
330
AB
100
AcDbEntity
  8
0
  6
Continuous
 62
    18
420
        0
370
    -2
100
AcDbLine
 10
1045.159745221694
 20
30.07971869084716
 30
0.0
 11
1039.011026404558
 21
36.16931521166498
 31
0.0
  0
LINE
  5
1A1
330
AB
100
AcDbEntity
  8
0
  6
Continuous
 62
    18
420
        0
370
    -2
100
AcDbLine
 10
1032.92142988374
 20
42.25891173248282
 30
0.0
 11
1024.585186102814
 21
50.65427780972679
 31
0.0
  0
LINE
  5
1A2
330
AB
100
AcDbEntity
  8
0
  6
Continuous
 62
    18
420
        0
370
    -2
100
AcDbLine
 10
1053.259499817343
 20
30.07971869084716
 30
0.0
 11
1051.190219446193
 21
32.14899906199883
 31
0.0
  0
LINE
  5
1A3
330
AB
100
AcDbEntity
  8
0
  6
Continuous
 62
    18
420
        0
370
    -2
100
AcDbLine
 10
1045.661002298444
 20
35.84103872151402
 30
0.0
 11
1035.551089627961
 21
45.95095139199804
 31
0.0
  0
LINE
  5
1A4
330
AB
100
AcDbEntity
  8
0
  6
Continuous
 62
    18
420
        0
370
    -2
100
AcDbLine
 10
1028.901113734073
 20
54.43810477411834
 30
0.0
 11
1024.585186102814
 21
58.75403240537768
 31
0.0
  0
LINE
  5
1A5
330
AB
100
AcDbEntity
  8
0
  6
Continuous
 62
    18
420
        0
370
    -2
100
AcDbLine
 10
1057.840195340079
 20
31.7616002755293
 30
0.0
 11
1047.730282669596
 21
41.93063524233178
 31
0.0
  0
LINE
  5
1A6
330
AB
100
AcDbEntity
  8
0
  6
Continuous
 62
    18
420
        0
370
    -2
100
AcDbLine
 10
1041.080306775709
 20
50.41778862445226
 30
0.0
 11
1030.911271808906
 21
60.58682359125495
 31
0.0
  0
LINE
  5
1A7
330
AB
100
AcDbEntity
  8
0
  6
Continuous
 62
    18
420
        0
370
    -2
100
AcDbLine
 10
1024.821675288087
 20
66.67642011207277
 30
0.0
 11
1024.585186102814
 21
66.8537870010287
 31
0.0
  0
LINE
  5
1A8
330
AB
100
AcDbEntity
  8
0
  6
Continuous
 62
    18
420
        0
370
    -2
100
AcDbLine
 10
1069.459009008647
 20
30.07971869084716
 30
0.0
 11
1059.349096338163
 21
40.24875365764962
 31
0.0
  0
LINE
  5
1A9
330
AB
100
AcDbEntity
  8
0
  6
Continuous
 62
    18
420
        0
370
    -2
100
AcDbLine
 10
1053.259499817343
 20
46.33835017846754
 30
0.0
 11
1043.09046485054
 21
56.5073851452701
 31
0.0
  0
LINE
  5
1AA
330
AB
100
AcDbEntity
  8
0
  6
Continuous
 62
    18
420
        0
370
    -2
100
AcDbLine
 10
1037.000868329725
 20
62.59698166608796
 30
0.0
 11
1026.831833362921
 21
72.76601663289068
 31
0.0
  0
LINE
  5
1AB
330
AB
100
AcDbEntity
  8
0
  6
Continuous
 62
    18
420
        0
370
    -2
100
AcDbLine
 10
1077.617885900616
 20
30.07971869084716
 30
0.0
 11
1071.528289379797
 21
36.16931521166498
 31
0.0
  0
LINE
  5
1AC
330
AB
100
AcDbEntity
  8
0
  6
Continuous
 62
    18
420
        0
370
    -2
100
AcDbLine
 10
1065.43869285898
 20
42.25891173248282
 30
0.0
 11
1055.269657892178
 21
52.42794669928531
 31
0.0
  0
LINE
  5
1AD
330
AB
100
AcDbEntity
  8
0
  6
Continuous
 62
    18
420
        0
370
    -2
100
AcDbLine
 10
1049.18006137136
 20
58.51754322010314
 30
0.0
 11
1039.011026404558
 21
68.68657818690588
 31
0.0
  0
LINE
  5
1AE
330
AB
100
AcDbEntity
  8
0
  6
Continuous
 62
    18
420
        0
370
    -2
100
AcDbLine
 10
1032.92142988374
 20
74.77617470772367
 30
0.0
 11
1026.358854992373
 21
81.33874959909054
 31
0.0
  0
LINE
  5
1AF
330
AB
100
AcDbEntity
  8
0
  6
Continuous
 62
    18
420
        0
370
    -2
100
AcDbLine
 10
1085.776762792585
 20
30.07971869084716
 30
0.0
 11
1083.707482421435
 21
32.14899906199883
 31
0.0
  0
LINE
  5
1B0
330
AB
100
AcDbEntity
  8
0
  6
Continuous
 62
    18
420
        0
370
    -2
100
AcDbLine
 10
1078.178265273684
 20
35.84103872151402
 30
0.0
 11
1068.009230306881
 21
45.95095139199804
 31
0.0
  0
LINE
  5
1B1
330
AB
100
AcDbEntity
  8
0
  6
Continuous
 62
    18
420
        0
370
    -2
100
AcDbLine
 10
1061.359254412995
 20
54.43810477411834
 30
0.0
 11
1051.190219446193
 21
64.60713974092112
 31
0.0
  0
LINE
  5
1B2
330
AB
100
AcDbEntity
  8
0
  6
Continuous
 62
    18
420
        0
370
    -2
100
AcDbLine
 10
1045.100622925376
 20
70.69673626173898
 30
0.0
 11
1034.990710254892
 21
80.86577122854139
 31
0.0
  0
LINE
  5
1B3
330
AB
100
AcDbEntity
  8
0
  6
Continuous
 62
    18
420
        0
370
    -2
100
AcDbLine
 10
1089.797078942251
 20
34.15915713683193
 30
0.0
 11
1089.777179242515
 21
34.17905683656801
 31
0.0
  0
LINE
  5
1B4
330
AB
100
AcDbEntity
  8
0
  6
Continuous
 62
    18
420
        0
370
    -2
100
AcDbLine
 10
1086.869242832521
 20
35.24981575832781
 30
0.0
 11
1080.188423348519
 21
41.93063524233178
 31
0.0
  0
LINE
  5
1B5
330
AB
100
AcDbEntity
  8
0
  6
Continuous
 62
    18
420
        0
370
    -2
100
AcDbLine
 10
1073.538447454632
 20
50.41778862445226
 30
0.0
 11
1063.369412487829
 21
60.58682359125495
 31
0.0
  0
LINE
  5
1B6
330
AB
100
AcDbEntity
  8
0
  6
Continuous
 62
    18
420
        0
370
    -2
100
AcDbLine
 10
1057.27981596701
 20
66.67642011207277
 30
0.0
 11
1047.169903296527
 21
76.78633278255677
 31
0.0
  0
LINE
  5
1B7
330
AB
100
AcDbEntity
  8
0
  6
Continuous
 62
    18
420
        0
370
    -2
100
AcDbLine
 10
1101.976271983888
 20
30.07971869084716
 30
0.0
 11
1098.320077369609
 21
33.77175835036233
 31
0.0
  0
LINE
  5
1B8
330
AB
100
AcDbEntity
  8
0
  6
Continuous
 62
    18
420
        0
370
    -2
100
AcDbLine
 10
1085.717640496265
 20
46.33835017846754
 30
0.0
 11
1075.607727825783
 21
56.5073851452701
 31
0.0
  0
LINE
  5
1B9
330
AB
100
AcDbEntity
  8
0
  6
Continuous
 62
    18
420
        0
370
    -2
100
AcDbLine
 10
1069.459009008647
 20
62.59698166608796
 30
0.0
 11
1059.349096338163
 21
72.76601663289068
 31
0.0
  0
LINE
  5
1BA
330
AB
100
AcDbEntity
  8
0
  6
Continuous
 62
    18
420
        0
370
    -2
100
AcDbLine
 10
1053.259499817343
 20
78.85561315370853
 30
0.0
 11
1050.717241075645
 21
81.33874959909054
 31
0.0
  0
LINE
  5
1BB
330
AB
100
AcDbEntity
  8
0
  6
Continuous
 62
    18
420
        0
370
    -2
100
AcDbLine
 10
1110.135148875856
 20
30.07971869084716
 30
0.0
 11
1104.960665506019
 21
35.25420206068383
 31
0.0
  0
LINE
  5
1BC
330
AB
100
AcDbEntity
  8
0
  6
Continuous
 62
    18
420
        0
370
    -2
100
AcDbLine
 10
1081.6973243466
 20
58.51754322010314
 30
0.0
 11
1071.528289379797
 21
68.68657818690588
 31
0.0
  0
LINE
  5
1BD
330
AB
100
AcDbEntity
  8
0
  6
Continuous
 62
    18
420
        0
370
    -2
100
AcDbLine
 10
1065.43869285898
 20
74.77617470772367
 30
0.0
 11
1058.816995671294
 21
81.33874959909054
 31
0.0
  0
LINE
  5
1BE
330
AB
100
AcDbEntity
  8
0
  6
Continuous
 62
    18
420
        0
370
    -2
100
AcDbLine
 10
1118.234903471508
 20
30.07971869084716
 30
0.0
 11
1116.165623100356
 21
32.14899906199883
 31
0.0
  0
LINE
  5
1BF
330
AB
100
AcDbEntity
  8
0
  6
Continuous
 62
    18
420
        0
370
    -2
100
AcDbLine
 10
1110.636405952606
 20
35.84103872151402
 30
0.0
 11
1104.960665506019
 21
41.51677916810154
 31
0.0
  0
LINE
  5
1C0
330
AB
100
AcDbEntity
  8
0
  6
Continuous
 62
    18
420
        0
370
    -2
100
AcDbLine
 10
1086.308863459451
 20
62.00575870290179
 30
0.0
 11
1083.707482421435
 21
64.60713974092112
 31
0.0
  0
LINE
  5
1C1
330
AB
100
AcDbEntity
  8
0
  6
Continuous
 62
    18
420
        0
370
    -2
100
AcDbLine
 10
1077.617885900616
 20
70.69673626173898
 30
0.0
 11
1067.448850933812
 21
80.86577122854139
 31
0.0
  0
LINE
  5
1C2
330
AB
100
AcDbEntity
  8
0
  6
Continuous
 62
    18
420
        0
370
    -2
100
AcDbLine
 10
1122.815598994244
 20
31.7616002755293
 30
0.0
 11
1112.70568632376
 21
41.93063524233178
 31
0.0
  0
LINE
  5
1C3
330
AB
100
AcDbEntity
  8
0
  6
Continuous
 62
    18
420
        0
370
    -2
100
AcDbLine
 10
1106.05571042987
 20
50.41778862445226
 30
0.0
 11
1104.960665506019
 21
51.51283354830329
 31
0.0
  0
LINE
  5
1C4
330
AB
100
AcDbEntity
  8
0
  6
Continuous
 62
    18
420
        0
370
    -2
100
AcDbLine
 10
1086.308863459451
 20
70.16463559487135
 30
0.0
 11
1079.628043975448
 21
76.78633278255677
 31
0.0
  0
LINE
  5
1C5
330
AB
100
AcDbEntity
  8
0
  6
Continuous
 62
    18
420
        0
370
    -2
100
AcDbLine
 10
1134.434412662808
 20
30.07971869084716
 30
0.0
 11
1124.324499992323
 21
40.24875365764962
 31
0.0
  0
LINE
  5
1C6
330
AB
100
AcDbEntity
  8
0
  6
Continuous
 62
    18
420
        0
370
    -2
100
AcDbLine
 10
1118.234903471508
 20
46.33835017846754
 30
0.0
 11
1108.065868504705
 21
56.5073851452701
 31
0.0
  0
LINE
  5
1C7
330
AB
100
AcDbEntity
  8
0
  6
Continuous
 62
    18
420
        0
370
    -2
100
AcDbLine
 10
1085.717640496265
 20
78.85561315370853
 30
0.0
 11
1083.175381754564
 21
81.33874959909054
 31
0.0
  0
LINE
  5
1C8
330
AB
100
AcDbEntity
  8
0
  6
Continuous
 62
    18
420
        0
370
    -2
100
AcDbLine
 10
1142.593289554779
 20
30.07971869084716
 30
0.0
 11
1136.503693033961
 21
36.16931521166498
 31
0.0
  0
LINE
  5
1C9
330
AB
100
AcDbEntity
  8
0
  6
Continuous
 62
    18
420
        0
370
    -2
100
AcDbLine
 10
1130.414096513144
 20
42.25891173248282
 30
0.0
 11
1120.599795324253
 21
52.07321292137361
 31
0.0
  0
LINE
  5
1CA
330
AB
100
AcDbEntity
  8
0
  6
Continuous
 62
    18
420
        0
370
    -2
100
AcDbLine
 10
1112.677407617558
 20
59.99560062806857
 30
0.0
 11
1104.960665506019
 21
67.71234273960501
 31
0.0
  0
LINE
  5
1CB
330
AB
100
AcDbEntity
  8
0
  6
Continuous
 62
    18
420
        0
370
    -2
100
AcDbLine
 10
1150.752166446749
 20
30.07971869084716
 30
0.0
 11
1148.682886075595
 21
32.14899906199883
 31
0.0
  0
LINE
  5
1CC
330
AB
100
AcDbEntity
  8
0
  6
Continuous
 62
    18
420
        0
370
    -2
100
AcDbLine
 10
1143.153668927848
 20
35.84103872151402
 30
0.0
 11
1132.984633961046
 21
45.95095139199804
 31
0.0
  0
LINE
  5
1CD
330
AB
100
AcDbEntity
  8
0
  6
Continuous
 62
    18
420
        0
370
    -2
100
AcDbLine
 10
1126.334658067159
 20
54.43810477411834
 30
0.0
 11
1121.427507472714
 21
59.40437766488246
 31
0.0
  0
LINE
  5
1CE
330
AB
100
AcDbEntity
  8
0
  6
Continuous
 62
    18
420
        0
370
    -2
100
AcDbLine
 10
1110.076026579536
 20
70.69673626173898
 30
0.0
 11
1104.960665506019
 21
75.86538234643839
 31
0.0
  0
LINE
  5
1CF
330
AB
100
AcDbEntity
  8
0
  6
Continuous
 62
    18
420
        0
370
    -2
100
AcDbLine
 10
1155.332861969485
 20
31.7616002755293
 30
0.0
 11
1145.16382700268
 21
41.93063524233178
 31
0.0
  0
LINE
  5
1D0
330
AB
100
AcDbEntity
  8
0
  6
Continuous
 62
    18
420
        0
370
    -2
100
AcDbLine
 10
1138.513851108793
 20
50.41778862445226
 30
0.0
 11
1128.344816141991
 21
60.58682359125495
 31
0.0
  0
LINE
  5
1D1
330
AB
100
AcDbEntity
  8
0
  6
Continuous
 62
    18
420
        0
370
    -2
100
AcDbLine
 10
1122.255219621175
 20
66.67642011207277
 30
0.0
 11
1121.427507472714
 21
67.50413226053343
 31
0.0
  0
LINE
  5
1D2
330
AB
100
AcDbEntity
  8
0
  6
Continuous
 62
    18
420
        0
370
    -2
100
AcDbLine
 10
1120.008572361067
 20
68.9230673721803
 30
0.0
 11
1112.14530695069
 21
76.78633278255677
 31
0.0
  0
LINE
  5
1D3
330
AB
100
AcDbEntity
  8
0
  6
Continuous
 62
    18
420
        0
370
    -2
100
AcDbLine
 10
1166.064841193269
 20
30.96655313562644
 30
0.0
 11
1156.782640671248
 21
40.24875365764962
 31
0.0
  0
LINE
  5
1D4
330
AB
100
AcDbEntity
  8
0
  6
Continuous
 62
    18
420
        0
370
    -2
100
AcDbLine
 10
1150.693044150431
 20
46.33835017846754
 30
0.0
 11
1140.524009183628
 21
56.5073851452701
 31
0.0
  0
LINE
  5
1D5
330
AB
100
AcDbEntity
  8
0
  6
Continuous
 62
    18
420
        0
370
    -2
100
AcDbLine
 10
1134.434412662808
 20
62.59698166608796
 30
0.0
 11
1124.324499992323
 21
72.76601663289068
 31
0.0
  0
LINE
  5
1D6
330
AB
100
AcDbEntity
  8
0
  6
Continuous
 62
    18
420
        0
370
    -2
100
AcDbLine
 10
1118.234903471508
 20
78.85561315370853
 30
0.0
 11
1115.692644729805
 21
81.33874959909054
 31
0.0
  0
LINE
  5
1D7
330
AB
100
AcDbEntity
  8
0
  6
Continuous
 62
    18
420
        0
370
    -2
100
AcDbLine
 10
1162.872237192064
 20
42.25891173248282
 30
0.0
 11
1152.703202225261
 21
52.42794669928531
 31
0.0
  0
LINE
  5
1D8
330
AB
100
AcDbEntity
  8
0
  6
Continuous
 62
    18
420
        0
370
    -2
100
AcDbLine
 10
1146.613605704446
 20
58.51754322010314
 30
0.0
 11
1136.503693033961
 21
68.68657818690588
 31
0.0
  0
LINE
  5
1D9
330
AB
100
AcDbEntity
  8
0
  6
Continuous
 62
    18
420
        0
370
    -2
100
AcDbLine
 10
1130.414096513144
 20
74.77617470772367
 30
0.0
 11
1123.792399325458
 21
81.33874959909054
 31
0.0
  0
LINE
  5
1DA
330
AB
100
AcDbEntity
  8
0
  6
Continuous
 62
    18
420
        0
370
    -2
100
AcDbLine
 10
1166.064841193269
 20
47.22518462324677
 30
0.0
 11
1164.941517563218
 21
48.34850825330072
 31
0.0
  0
LINE
  5
1DB
330
AB
100
AcDbEntity
  8
0
  6
Continuous
 62
    18
420
        0
370
    -2
100
AcDbLine
 10
1158.851921042398
 20
54.43810477411834
 30
0.0
 11
1148.682886075595
 21
64.60713974092112
 31
0.0
  0
LINE
  5
1DC
330
AB
100
AcDbEntity
  8
0
  6
Continuous
 62
    18
420
        0
370
    -2
100
AcDbLine
 10
1142.593289554779
 20
70.69673626173898
 30
0.0
 11
1132.424254587977
 21
80.86577122854139
 31
0.0
  0
LINE
  5
1DD
330
AB
100
AcDbEntity
  8
0
  6
Continuous
 62
    18
420
        0
370
    -2
100
AcDbLine
 10
1166.064841193269
 20
55.3249392188976
 30
0.0
 11
1160.862079117233
 21
60.58682359125495
 31
0.0
  0
LINE
  5
1DE
330
AB
100
AcDbEntity
  8
0
  6
Continuous
 62
    18
420
        0
370
    -2
100
AcDbLine
 10
1154.772482596415
 20
66.67642011207277
 30
0.0
 11
1144.603447629613
 21
76.78633278255677
 31
0.0
  0
LINE
  5
1DF
330
AB
100
AcDbEntity
  8
0
  6
Continuous
 62
    18
420
        0
370
    -2
100
AcDbLine
 10
1166.064841193269
 20
63.42469381454861
 30
0.0
 11
1156.782640671248
 21
72.76601663289068
 31
0.0
  0
LINE
  5
1E0
330
AB
100
AcDbEntity
  8
0
  6
Continuous
 62
    18
420
        0
370
    -2
100
AcDbLine
 10
1150.693044150431
 20
78.85561315370853
 30
0.0
 11
1148.15078540873
 21
81.33874959909054
 31
0.0
  0
LINE
  5
1E1
330
AB
100
AcDbEntity
  8
0
  6
Continuous
 62
    18
420
        0
370
    -2
100
AcDbLine
 10
1162.872237192064
 20
74.77617470772367
 30
0.0
 11
1156.309662300699
 21
81.33874959909054
 31
0.0
  0
LINE
  5
1E2
330
AB
100
AcDbEntity
  8
0
  6
Continuous
 62
    18
420
        0
370
    -2
100
AcDbLine
 10
1166.064841193269
 20
79.68332530216918
 30
0.0
 11
1164.941517563218
 21
80.86577122854139
 31
0.0
  0
LINE
  5
1E3
102
{ACAD_REACTORS
330
25A
102
}
330
AB
100
AcDbEntity
  8
0
  6
Continuous
 62
    18
420
        0
370
    20
100
AcDbLine
 10
1095.354574796202
 20
39.18455232391448
 30
0.0
 11
1104.400286132948
 21
39.18455232391448
 31
0.0
  0
LINE
  5
1E4
330
AB
100
AcDbEntity
  8
0
  6
Continuous
 62
    18
420
        0
370
    20
100
AcDbLine
 10
1024.585186102814
 20
30.07971869084716
 30
0.0
 11
1166.064841193269
 21
30.07971869084716
 31
0.0
  0
TEXT
  5
1E5
330
AB
100
AcDbEntity
  8
0
 62
   251
420
  5526612
100
AcDbText
 10
1023.445106775693
 20
21.68018577618147
 30
0.0
 40
3.870633061920643
  1
Aanleg in open sleuf op 80cm diepte, tenzij anders vermeld
  7
ISOCPEUR$001H0
100
AcDbText
  0
LWPOLYLINE
  5
1E6
330
AB
100
AcDbEntity
  8
0
  6
Continuous
 62
     7
370
    20
100
AcDbPolyline
 90
        4
 70
     1
 43
0.0
 10
1022.009449693461
 20
14.1443089554899
 10
1167.627665526223
 20
14.56051165465922
 10
1167.627665526223
 20
108.6137172472138
 10
1022.009449693461
 20
109.0355945468744
  0
CIRCLE
  5
1E7
102
{ACAD_REACTORS
330
25A
102
}
330
AB
100
AcDbEntity
  8
0
 62
     5
 48
0.3
370
     5
100
AcDbCircle
 10
1096.686215115672
 20
37.87361641956521
 30
0.0
 40
1.142481175271585
  0
CIRCLE
  5
1E8
102
{ACAD_REACTORS
330
25A
102
}
330
AB
100
AcDbEntity
  8
0
 62
     1
 48
0.3
370
     5
100
AcDbCircle
 10
1094.394421191627
 20
37.85812567615149
 30
0.0
 40
1.142481175271585
  0
CIRCLE
  5
1E9
102
{ACAD_REACTORS
330
264
102
}
330
AB
100
AcDbEntity
  8
0
 62
    32
420
 13461800
 48
0.3
370
     5
100
AcDbCircle
 10
1091.912748558349
 20
135.2737653523039
 30
0.0
 40
2.231137846905289
  0
CIRCLE
  5
1EA
330
AB
100
AcDbEntity
  8
0
 62
   215
420
 11096992
 48
0.3
370
     5
100
AcDbCircle
 10
1090.850079849214
 20
134.2110966431693
 30
0.0
 40
0.7236526517401412
  0
CIRCLE
  5
1EB
330
AB
100
AcDbEntity
  8
0
 62
     2
420
 15854367
 48
0.3
370
     5
100
AcDbCircle
 10
1092.3017123017
 20
133.8221328998191
 30
0.0
 40
0.7236526517401412
  0
CIRCLE
  5
1EC
330
AB
100
AcDbEntity
  8
0
 62
     3
 48
0.3
370
     5
100
AcDbCircle
 10
1093.364381010834
 20
134.8848016089537
 30
0.0
 40
0.7236526517401414
  0
CIRCLE
  5
1ED
330
AB
100
AcDbEntity
  8
0
 62
     5
 48
0.3
370
     5
100
AcDbCircle
 10
1092.975417267485
 20
136.3364340614389
 30
0.0
 40
0.7236526517401414
  0
CIRCLE
  5
1EE
330
AB
100
AcDbEntity
  8
0
 62
     1
 48
0.3
370
     5
100
AcDbCircle
 10
1091.523784814999
 20
136.7253978047888
 30
0.0
 40
0.7236526517401415
  0
CIRCLE
  5
1EF
330
AB
100
AcDbEntity
  8
0
 62
    30
420
 15886114
 48
0.3
370
     5
100
AcDbCircle
 10
1090.461116105865
 20
135.6627290956544
 30
0.0
 40
0.7236526517401415
  0
CIRCLE
  5
1F0
330
AB
100
AcDbEntity
  8
0
 62
    18
420
        0
 48
0.3
370
     5
100
AcDbCircle
 10
1091.912748558349
 20
135.2737653523039
 30
0.0
 40
0.7791878490277077
  0
ELLIPSE
  5
1F1
102
{ACAD_REACTORS
330
25A
102
}
330
AB
100
AcDbEntity
  8
0
 62
    18
420
        0
 48
0.3
370
     5
100
AcDbEllipse
 10
1095.410539425727
 20
37.84549497575626
 30
0.0
 11
-3.047100780263613
 21
0.0
 31
0.0
210
0.0
220
0.0
230
1.0
 40
0.4354024522242779
 41
0.0
 42
6.283185307179586
  0
MULTILEADER
  5
1F2
102
{ACAD_REACTORS
330
264
102
}
330
AB
100
AcDbEntity
  8
0
 62
    18
420
        0
 48
0.3
160
               580
310
44020000160000000C00000016000000000000C20C00000033000000000000000C00000013000000993A00000C00000016000000000000C2E000000026000000DE4921BA77669040B2E7906024B16040000000000000000000000000000000000000000000000000000000000000F03F000000000000F03F00000000000000
310
0000000000000000004400420037002000D800340035006D006D002000280037007800530044002000D800310034006D006D002900000000311600000001000000F7FFFFFFFFFFF73F000000000000F03F0000000000000000000000000000F03F000000000000000000000000000000000000000000000000000000000100
310
00002200000041007200690061006C0000000000006C000000000C00000033000000000000000C00000010000000000000000C00000016000000000000C20C00000012000000FF7F00000C00000013000000010000000C00000013000000891300003C0000000600000002000000127A23A866079140F86990E187CD604000
310
00000000000000C6897EB326FB9040E4177FAFDAC3604000000000000000000C00000013000000122700003C0000000600000002000000C6897EB326FB9040E4177FAFDAC360400000000000000000C6897EB326DB9040E4177FAFDAC3604000000000000000000C00000016000000000000C20C00000012000000FF7F0000
310
0C00000017000000000000000C000000130000009A3A00000C00000016000000000000C20C00000012000000FF7F00000C00000017000000050000000C0000003300000000000000
370
     5
100
AcDbMLeader
270
     2
300
CONTEXT_DATA{
 40
1.0
 10
1047.778585360135
 20
134.1204450113574
 30
0.0
 41
1.499999999999998
140
3.999999999999996
145
1.999999999999998
174
     1
175
     1
176
     2
177
     0
290
     1
304
DB7 %%C45mm (7xSD %%C14mm)
 11
0.0
 21
0.0
 31
1.0
340
55
 12
1076.787794091376
 22
135.0909429649727
 32
0.0
 13
1.0
 23
0.0
 33
0.0
 42
0.0
 43
0.0
 44
0.0
 45
1.0
170
     1
 90
-1040187392
171
     3
172
     5
 91
-1073741824
141
0.0
 92
        0
291
     0
292
     0
173
     0
293
     0
142
0.0
143
0.0
294
     0
295
     0
296
     0
110
1093.122048246139
120
135.3863616503167
130
0.0
111
1.0
121
0.0
131
0.0
112
0.0
122
1.0
132
0.0
297
     0
302
LEADER{
290
     1
291
     1
 10
1086.787794091376
 20
134.1204450113574
 30
0.0
 11
-1.0
 21
0.0
 31
0.0
 90
        1
 40
7.999999999999998
304
LEADER_LINE{
 10
1089.850250772786
 20
134.42283704954
 30
0.0
 91
        0
305
}
271
     0
303
}
272
     9
273
     9
301
}
340
67
 90
 17122304
170
     1
 91
-1056964608
341
5B
171
    -2
290
     1
291
     1
 41
8.0
 42
4.0
172
     2
343
55
173
     1
 95
        1
174
     1
175
     0
 92
-1056964608
292
     0
 93
-1056964608
 10
1.0
 20
1.0
 30
1.0
 43
0.0
176
     0
293
     0
294
     0
178
     0
179
     3
 45
1.0
271
     0
272
     9
273
     9
295
     0
  0
MULTILEADER
  5
1F3
330
AB
100
AcDbEntity
  8
0
 62
    18
420
        0
 48
0.3
160
               580
310
44020000160000000C00000016000000000000C20C00000033000000000000000C00000013000000993A00000C00000016000000000000C2E0000000260000001A2E5D1CC1759040A8D4962FAFCA4040000000000000000000000000000000000000000000000000000000000000F03F000000000000F03F00000000000000
310
0000000000000000004400420032002000D800330030006D006D002000280032007800530044002000D800310034006D006D002900000000001600000001000000F7FFFFFFFFFFF73F000000000000F03F0000000000000000000000000000F03F000000000000000000000000000000000000000000000000000000000100
310
00002200000041007200690061006C00000000000000000000000C00000033000000000000000C00000010000000000000000C00000016000000000000C20C00000012000000FF7F00000C00000013000000010000000C00000013000000891300003C000000060000000200000080799F640D1691405BD3AA739868424000
310
00000000000000036EBA15700A914073954F6B8815414000000000000000000C00000013000000122700003C0000000600000002000000036EBA15700A914073954F6B881541400000000000000000036EBA1570EA904073954F6B8815414000000000000000000C00000016000000000000C20C00000012000000FF7F0000
310
0C00000017000000000000000C000000130000009A3A00000C00000016000000000000C20C00000012000000FF7F00000C00000017000000050000000C0000003300000000000000
370
     5
100
AcDbMLeader
270
     2
300
CONTEXT_DATA{
 40
1.0
 10
1051.600249155421
 20
34.16822568307807
 30
0.0
 41
1.499999999999998
140
3.999999999999996
145
1.999999999999998
174
     1
175
     1
176
     2
177
     0
290
     1
304
DB2 %%C30mm (2xSD %%C14mm)
 11
0.0
 21
0.0
 31
1.0
340
55
 12
1080.609457886662
 22
35.13872363669334
 32
0.0
 13
1.0
 23
0.0
 33
0.0
 42
0.0
 43
0.0
 44
0.0
 45
1.0
170
     1
 90
-1040187392
171
     3
172
     5
 91
-1073741824
141
0.0
 92
        0
291
     0
292
     0
173
     0
293
     0
142
0.0
143
0.0
294
     0
295
     0
296
     0
110
1096.564942324881
120
38.33762855438515
130
0.0
111
1.0
121
0.0
131
0.0
112
0.0
122
1.0
132
0.0
297
     0
302
LEADER{
290
     1
291
     1
 10
1090.609457886662
 20
34.16822568307807
 30
0.0
 11
-1.0
 21
0.0
 31
0.0
 90
        1
 40
7.999999999999998
304
LEADER_LINE{
 10
1093.513079158583
 20
36.81715246049017
 30
0.0
 91
        0
305
}
271
     0
303
}
272
     9
273
     9
301
}
340
67
 90
 17122304
170
     1
 91
-1056964608
341
5B
171
    -2
290
     1
291
     1
 41
8.0
 42
4.0
172
     2
343
55
173
     1
 95
        1
174
     1
175
     0
 92
-1056964608
292
     0
 93
-1056964608
 10
1.0
 20
1.0
 30
1.0
 43
0.0
176
     0
293
     0
294
     0
178
     0
179
     1
 45
1.0
271
     0
272
     9
273
     9
295
     0
  0
LINE
  5
1F4
330
AB
100
AcDbEntity
  8
0
 62
    18
420
        0
 48
0.3
370
     5
100
AcDbLine
 10
843.8544889052806
 20
112.6529083984451
 30
0.0
 11
1012.899270550849
 21
112.6529083984451
 31
0.0
  0
MTEXT
  5
1F5
330
AB
100
AcDbEntity
  8
0
 62
    18
420
        0
 48
0.3
370
     5
100
AcDbMText
 10
895.6108373587017
 20
110.4657972571101
 30
0.0
 40
5.999999999999992
 41
89.00737493303301
 46
0.0
 71
     1
 72
     5
  1
\pxql;{\LUitvoerende aannemer:}
  7
Fabricom-ISO
 73
     1
 44
1.0
101
Embedded Object
 70
     1
 10
1.0
 20
0.0
 30
0.0
 11
895.6108373587017
 21
110.4657972571101
 31
0.0
 40
89.00737493303301
 41
0.0
 42
81.59999999999989
 43
7.19999999999999
 71
     2
 72
     1
 44
89.00737493303301
 45
52.45568945086699
 73
     0
 74
     0
 46
0.0
  0
INSERT
  5
1F6
330
AB
100
AcDbEntity
  8
0
 62
    18
420
        0
370
     5
100
AcDbBlockReference
  2
putje
 10
864.9827388805283
 20
203.7541216152518
 30
0.0
 41
3.903546481318372
 42
3.903546481318372
 43
3.903546481318372
 50
0.4441947367137927
  0
LWPOLYLINE
  5
1FF
330
AB
100
AcDbEntity
  8
PDDucts BO
  6
DASHED
 62
    18
420
        0
100
AcDbPolyline
 90
        2
 70
     0
 43
0.3903546481318377
 10
860.0409342712842
 20
159.5494098093046
 10
875.5531258342632
 20
159.5232614968698
  0
LWPOLYLINE
  5
201
330
AB
100
AcDbEntity
  8
PDDucts BO
  6
JIS_09_15
 62
     6
 48
2.0
100
AcDbPolyline
 90
        2
 70
     0
 43
0.3903546481318377
 10
860.0277741697521
 20
151.7423279384015
 10
875.5399657327297
 20
151.7161796259667
  0
LWPOLYLINE
  5
202
330
AB
100
AcDbEntity
  8
PDDucts BO
  6
JIS_09_15
 62
    32
420
 13461800
 48
2.0
100
AcDbPolyline
 90
        2
 70
     0
 43
0.3903546481318377
 10
860.0146140682198
 20
143.9352460674987
 10
875.5268056311969
 20
143.9090977550639
  0
LWPOLYLINE
  5
203
330
AB
100
AcDbEntity
  8
PDDucts BO
  6
JIS_09_15
 62
   116
420
  1271604
 48
2.0
100
AcDbPolyline
 90
        2
 70
     0
 43
0.3903546481318377
 10
860.0014539666863
 20
136.1281641965958
 10
875.5136455296646
 20
136.1020158841611
  0
LWPOLYLINE
  5
204
330
AB
100
AcDbEntity
  8
PDDucts BO
  6
JIS_09_15
 62
   152
420
  2586299
 48
2.0
100
AcDbPolyline
 90
        2
 70
     0
 43
0.3903546481318377
 10
859.9882938651536
 20
128.3210823256931
 10
875.5004854281322
 20
128.2949340132582
  0
LWPOLYLINE
  5
205
330
AB
100
AcDbEntity
  8
PDDucts BO
  6
JIS_09_15
 62
     1
 48
2.0
100
AcDbPolyline
 90
        2
 70
     0
 43
0.3903546481318377
 10
859.9751337636206
 20
120.5140004547903
 10
875.4873253265994
 20
120.4878521423553
  0
ELLIPSE
  5
206
102
{ACAD_REACTORS
330
215
102
}
330
AB
100
AcDbEntity
  8
0
 62
    18
420
        0
 48
0.3
370
     5
100
AcDbEllipse
 10
869.6852458508351
 20
196.3804745301875
 30
0.0
 11
2.968140387670429
 21
0.1138909366964163
 31
0.0
210
0.0
220
0.0
230
1.0
 40
0.3954798108012663
 41
0.0
 42
6.283185307179586
  0
LWPOLYLINE
  5
207
330
AB
100
AcDbEntity
  8
0
 62
     1
370
     5
100
AcDbPolyline
 90
        4
 70
     1
 43
0.0
 10
875.0689813317702
 20
174.7786798348703
 10
859.691833241748
 20
174.8378546605875
 10
859.6903368109805
 20
176.8378038606207
 10
875.0674849010044
 20
176.7786290349034
  0
MTEXT
  5
208
330
AB
100
AcDbEntity
  8
0
 62
    18
420
        0
 48
0.3
370
     5
100
AcDbMText
 10
887.5060339101482
 20
207.7221295216316
 30
0.0
 40
3.999999999999996
 41
48.23476472557552
 46
0.0
 71
     1
 72
     5
  1
\pxql;blaasput
  7
Fabricom-ISO
 73
     1
 44
1.0
101
Embedded Object
 70
     1
 10
1.0
 20
0.0
 30
0.0
 11
887.5060339101482
 21
207.7221295216316
 31
0.0
 40
48.23476472557552
 41
0.0
 42
19.99999999999998
 43
5.199999999999994
 71
     2
 72
     1
 44
48.23476472557552
 45
52.45568945086699
 73
     0
 74
     0
 46
0.0
  0
MTEXT
  5
209
330
AB
100
AcDbEntity
  8
0
 62
    18
420
        0
 48
0.3
370
     5
100
AcDbMText
 10
887.5060339101482
 20
198.9439030819969
 30
0.0
 40
3.999999999999996
 41
48.23476472557552
 46
0.0
 71
     1
 72
     5
  1
\pxql;mof
  7
Fabricom-ISO
 73
     1
 44
1.0
101
Embedded Object
 70
     1
 10
1.0
 20
0.0
 30
0.0
 11
887.5060339101482
 21
198.9439030819969
 31
0.0
 40
48.23476472557552
 41
0.0
 42
7.999999999999991
 43
3.999999999999996
 71
     2
 72
     1
 44
48.23476472557552
 45
52.45568945086699
 73
     0
 74
     0
 46
0.0
  0
MTEXT
  5
20A
330
AB
100
AcDbEntity
  8
0
 62
    18
420
        0
 48
0.3
370
     5
100
AcDbMText
 10
887.5060339101482
 20
178.5508371969217
 30
0.0
 40
3.999999999999996
 41
48.23476472557552
 46
0.0
 71
     1
 72
     5
  1
\pxql;mantelbuis
  7
Fabricom-ISO
 73
     1
 44
1.0
101
Embedded Object
 70
     1
 10
1.0
 20
0.0
 30
0.0
 11
887.5060339101482
 21
178.5508371969217
 31
0.0
 40
48.23476472557552
 41
0.0
 42
24.79999999999998
 43
3.999999999999996
 71
     2
 72
     1
 44
48.23476472557552
 45
52.45568945086699
 73
     0
 74
     0
 46
0.0
  0
MTEXT
  5
20B
330
AB
100
AcDbEntity
  8
0
 62
    18
420
        0
 48
0.3
370
     5
100
AcDbMText
 10
887.4928738086154
 20
161.9807362292013
 30
0.0
 40
3.999999999999996
 41
66.430257574385
 46
0.0
 71
     1
 72
     5
  1
\pxql;bestaande HDPE %%C50
  7
Fabricom-ISO
 73
     1
 44
1.0
101
Embedded Object
 70
     1
 10
1.0
 20
0.0
 30
0.0
 11
887.4928738086154
 21
161.9807362292013
 31
0.0
 40
66.430257574385
 41
0.0
 42
50.39999999999995
 43
3.999999999999996
 71
     2
 72
     1
 44
66.430257574385
 45
52.45568945086699
 73
     0
 74
     0
 46
0.0
  0
MTEXT
  5
20C
330
AB
100
AcDbEntity
  8
0
 62
    18
420
        0
 48
0.3
370
     5
100
AcDbMText
 10
887.4928738086154
 20
153.5160209081515
 30
0.0
 40
3.999999999999996
 41
48.23476472557552
 46
0.0
 71
     1
 72
     5
  1
\pxql;coax kabel
  7
Fabricom-ISO
 73
     1
 44
1.0
101
Embedded Object
 70
     1
 10
1.0
 20
0.0
 30
0.0
 11
887.4928738086154
 21
153.5160209081515
 31
0.0
 40
48.23476472557552
 41
0.0
 42
25.19999999999998
 43
3.999999999999996
 71
     2
 72
     1
 44
48.23476472557552
 45
52.45568945086699
 73
     0
 74
     0
 46
0.0
  0
MTEXT
  5
20D
330
AB
100
AcDbEntity
  8
0
 62
    18
420
        0
 48
0.3
370
     5
100
AcDbMText
 10
887.4928738086154
 20
145.83507243121
 30
0.0
 40
3.999999999999996
 41
48.23476472557552
 46
0.0
 71
     1
 72
     5
  1
\pxql;HDPE %%C50
  7
Fabricom-ISO
 73
     1
 44
1.0
101
Embedded Object
 70
     1
 10
1.0
 20
0.0
 30
0.0
 11
887.4928738086154
 21
145.83507243121
 31
0.0
 40
48.23476472557552
 41
0.0
 42
23.19999999999998
 43
3.999999999999996
 71
     2
 72
     1
 44
48.23476472557552
 45
52.45568945086699
 73
     0
 74
     0
 46
0.0
  0
MTEXT
  5
20E
330
AB
100
AcDbEntity
  8
0
 62
    18
420
        0
 48
0.3
370
     5
100
AcDbMText
 10
887.4928738086154
 20
138.4676350728538
 30
0.0
 40
3.999999999999996
 41
48.23476472557552
 46
0.0
 71
     1
 72
     5
  1
\pxql;DB7
  7
Fabricom-ISO
 73
     1
 44
1.0
101
Embedded Object
 70
     1
 10
1.0
 20
0.0
 30
0.0
 11
887.4928738086154
 21
138.4676350728538
 31
0.0
 40
48.23476472557552
 41
0.0
 42
8.399999999999991
 43
3.999999999999996
 71
     2
 72
     1
 44
48.23476472557552
 45
52.45568945086699
 73
     0
 74
     0
 46
0.0
  0
MTEXT
  5
20F
330
AB
100
AcDbEntity
  8
0
 62
    18
420
        0
 48
0.3
370
     5
100
AcDbMText
 10
887.4928738086154
 20
130.6299337747083
 30
0.0
 40
3.999999999999996
 41
48.23476472557552
 46
0.0
 71
     1
 72
     5
  1
\pxql;DB2
  7
Fabricom-ISO
 73
     1
 44
1.0
101
Embedded Object
 70
     1
 10
1.0
 20
0.0
 30
0.0
 11
887.4928738086154
 21
130.6299337747083
 31
0.0
 40
48.23476472557552
 41
0.0
 42
8.399999999999991
 43
3.999999999999996
 71
     2
 72
     1
 44
48.23476472557552
 45
52.45568945086699
 73
     0
 74
     0
 46
0.0
  0
MTEXT
  5
210
330
AB
100
AcDbEntity
  8
0
 62
    18
420
        0
 48
0.3
370
     5
100
AcDbMText
 10
887.4928738086154
 20
122.9489852977668
 30
0.0
 40
3.999999999999996
 41
48.23476472557552
 46
0.0
 71
     1
 72
     5
  1
\pxql;DB1
  7
Fabricom-ISO
 73
     1
 44
1.0
101
Embedded Object
 70
     1
 10
1.0
 20
0.0
 30
0.0
 11
887.4928738086154
 21
122.9489852977668
 31
0.0
 40
48.23476472557552
 41
0.0
 42
7.599999999999992
 43
3.999999999999996
 71
     2
 72
     1
 44
48.23476472557552
 45
52.45568945086699
 73
     0
 74
     0
 46
0.0
  0
LWPOLYLINE
  5
211
330
AB
100
AcDbEntity
  8
PDDucts BO
  6
Continuous
 62
    18
420
        0
370
     0
100
AcDbPolyline
 90
        4
 70
     1
 43
0.2613829448832073
 10
866.8657640985344
 20
218.5458680238784
 10
872.256280560566
 20
218.5055551075961
 10
872.2151917818901
 20
213.0112927597471
 10
866.8246753198582
 20
213.0516056760292
  0
LWPOLYLINE
  5
212
330
AB
100
AcDbEntity
  8
PDDucts BO
  6
Continuous
 62
    18
420
        0
370
     0
100
AcDbPolyline
 90
        2
 70
     0
 43
0.2613829448832073
 10
872.2809329862988
 20
218.4384704711482
 10
866.8246753198582
 20
213.0516056760292
  0
LWPOLYLINE
  5
213
330
AB
100
AcDbEntity
  8
PDDucts BO
  6
Continuous
 62
    18
420
        0
370
     0
100
AcDbPolyline
 90
        2
 70
     0
 43
0.2613829448832073
 10
872.1859979350623
 20
213.0564151231727
 10
866.8657640985344
 20
218.5458680238784
  0
MTEXT
  5
214
330
AB
100
AcDbEntity
  8
0
 62
    18
420
        0
 48
0.3
370
     5
100
AcDbMText
 10
887.5060339101482
 20
217.7666424287158
 30
0.0
 40
3.999999999999996
 41
48.23476472557552
 46
0.0
 71
     1
 72
     5
  1
\pxql;bovengrondse kast
  7
Fabricom-ISO
 73
     1
 44
1.0
101
Embedded Object
 70
     1
 10
1.0
 20
0.0
 30
0.0
 11
887.5060339101482
 21
217.7666424287158
 31
0.0
 40
48.23476472557552
 41
0.0
 42
45.59999999999996
 43
5.199999999999994
 71
     2
 72
     1
 44
48.23476472557552
 45
52.45568945086699
 73
     0
 74
     0
 46
0.0
  0
HATCH
  5
215
330
AB
100
AcDbEntity
  8
0
 62
     1
 48
0.3
370
     5
100
AcDbHatch
 10
0.0
 20
0.0
 30
0.0
210
0.0
220
0.0
230
1.0
  2
SOLID
 70
     1
 71
     1
 91
        1
 92
        5
 93
        1
 72
     3
 10
869.6852458508351
 20
196.3804745301875
 11
2.968140387670431
 21
0.1138909366964164
 40
0.3954798108012664
 50
0.0
 51
360.0
 73
     1
 97
        1
330
206
 75
     1
 76
     1
 47
0.0596837725729136
 98
        1
 10
870.3994097093133
 20
196.234980827415
450
        0
451
        0
460
0.0
461
0.0
452
        0
462
0.0
453
        2
463
0.0
 63
     5
421
      255
463
1.0
 63
     2
421
 16776960
470
LINEAR
1001
GradientColor1ACI
1070
     5
1001
GradientColor2ACI
1070
     2
1001
ACAD
1010
0.0
1020
0.0
1030
0.0
  0
MTEXT
  5
218
330
AB
100
AcDbEntity
  8
0
 62
    18
420
        0
 48
0.3
370
     5
100
AcDbMText
 10
1060.354982886645
 20
219.236393504995
 30
0.0
 40
5.999999999999992
 41
89.00737493303301
 46
0.0
 71
     1
 72
     5
  1
\pxql;{\LDoorsnede sleuf:}
  7
Fabricom-ISO
 73
     1
 44
1.0
101
Embedded Object
 70
     1
 10
1.0
 20
0.0
 30
0.0
 11
1060.354982886645
 21
219.236393504995
 31
0.0
 40
89.00737493303301
 41
0.0
 42
60.59999999999991
 43
7.19999999999999
 71
     2
 72
     1
 44
89.00737493303301
 45
52.45568945086699
 73
     0
 74
     0
 46
0.0
  0
LWPOLYLINE
  5
219
330
AB
100
AcDbEntity
  8
Layout A0_UND
100
AcDbPolyline
 90
        3
 70
     0
 43
0.0
 10
843.8544889052806
 20
9.999999999999978
 10
1172.999999999996
 20
9.999999999999978
 10
1172.999999999996
 20
829.9999999999993
  0
CIRCLE
  5
21A
330
AB
100
AcDbEntity
  8
0
 62
    18
420
        0
 48
0.3
370
     5
100
AcDbCircle
 39
0.4999999999999995
 10
870.2513747187412
 20
185.3788738840983
 30
0.0
 40
2.296462098412575
  0
MTEXT
  5
21B
330
AB
100
AcDbEntity
  8
0
 62
    18
420
        0
 48
0.3
370
     5
100
AcDbMText
 10
887.5060339101482
 20
188.4393064476905
 30
0.0
 40
3.999999999999996
 41
48.23476472557552
 46
0.0
 71
     1
 72
     5
  1
\pxql;paal
  7
Fabricom-ISO
 73
     1
 44
1.0
101
Embedded Object
 70
     1
 10
1.0
 20
0.0
 30
0.0
 11
887.5060339101482
 21
188.4393064476905
 31
0.0
 40
48.23476472557552
 41
0.0
 42
9.19999999999999
 43
5.199999999999994
 71
     2
 72
     1
 44
48.23476472557552
 45
52.45568945086699
 73
     0
 74
     0
 46
0.0
  0
LINE
  5
21C
330
AB
100
AcDbEntity
  8
0
 62
    18
420
        0
 48
0.3
370
     5
100
AcDbLine
 10
843.8544889052804
 20
292.0909569487812
 30
0.0
 11
1085.511100520176
 21
292.0909569487812
 31
0.0
  0
LINE
  5
21D
330
AB
100
AcDbEntity
  8
0
 62
    18
420
        0
 48
0.3
370
     5
100
AcDbLine
 10
843.8544889052804
 20
280.0909569487816
 30
0.0
 11
1085.511100520176
 21
280.0909569487817
 31
0.0
  0
LINE
  5
21E
330
AB
100
AcDbEntity
  8
0
 62
    18
420
        0
 48
0.3
370
     5
100
AcDbLine
 10
843.8544889052804
 20
268.0909569487816
 30
0.0
 11
1085.511100520176
 21
268.0909569487817
 31
0.0
  0
LINE
  5
21F
330
AB
100
AcDbEntity
  8
0
 62
    18
420
        0
 48
0.3
370
     5
100
AcDbLine
 10
843.8544889052804
 20
256.0909569487817
 30
0.0
 11
1085.511100520176
 21
256.0909569487817
 31
0.0
  0
LINE
  5
220
330
AB
100
AcDbEntity
  8
0
 62
    18
420
        0
 48
0.3
370
     5
100
AcDbLine
 10
843.8544889052804
 20
244.0909569487819
 30
0.0
 11
1172.999999999996
 21
244.090956948782
 31
0.0
  0
LINE
  5
221
330
AB
100
AcDbEntity
  8
0
 62
    18
420
        0
 48
0.3
370
     5
100
AcDbLine
 10
843.8544889052804
 20
232.0909569487816
 30
0.0
 11
1172.999999999996
 21
232.0909569487817
 31
0.0
  0
LINE
  5
222
330
AB
100
AcDbEntity
  8
0
 62
    18
420
        0
 48
0.3
370
     5
100
AcDbLine
 10
843.8544889052804
 20
340.0909569487811
 30
0.0
 11
1085.511100520176
 21
340.0909569487812
 31
0.0
  0
MTEXT
  5
223
330
AB
100
AcDbEntity
  8
0
 62
    18
420
        0
 48
0.3
370
     5
100
AcDbMText
 10
845.5324653148727
 20
312.3613008133688
 30
0.0
 40
2.999999999999996
 41
61.86132508208078
 46
0.0
 71
     1
 72
     5
  1
\pxql;DB2 glasvezelbuis grijze streep
  7
Fabricom-ISO
 73
     1
 44
1.0
101
Embedded Object
 70
     1
 10
1.0
 20
0.0
 30
0.0
 11
845.5324653148727
 21
312.3613008133688
 31
0.0
 40
61.86132508208078
 41
0.0
 42
57.89999999999992
 43
3.899999999999995
 71
     2
 72
     1
 44
61.86132508208078
 45
52.45568945086699
 73
     0
 74
     0
 46
0.0
  0
MTEXT
  5
224
330
AB
100
AcDbEntity
  8
0
 62
    18
420
        0
 48
0.3
370
     5
100
AcDbMText
 10
845.5324653148727
 20
299.9003345611495
 30
0.0
 40
2.999999999999996
 41
69.9792694032793
 46
0.0
 71
     1
 72
     5
  1
\pxql;HDPE50 glasvezelbuis grijze streep
  7
Fabricom-ISO
 73
     1
 44
1.0
101
Embedded Object
 70
     1
 10
1.0
 20
0.0
 30
0.0
 11
845.5324653148727
 21
299.9003345611495
 31
0.0
 40
69.9792694032793
 41
0.0
 42
64.49999999999992
 43
3.899999999999995
 71
     2
 72
     1
 44
69.9792694032793
 45
52.45568945086699
 73
     0
 74
     0
 46
0.0
  0
MTEXT
  5
225
330
AB
100
AcDbEntity
  8
0
 62
    18
420
        0
 48
0.3
370
     5
100
AcDbMText
 10
845.5324653148727
 20
286.8597916670687
 30
0.0
 40
2.999999999999996
 41
72.58861356257511
 46
0.0
 71
     1
 72
     5
  1
\pxql;HDPE50 glasvezelbuis oranje streep
  7
Fabricom-ISO
 73
     1
 44
1.0
101
Embedded Object
 70
     1
 10
1.0
 20
0.0
 30
0.0
 11
845.5324653148727
 21
286.8597916670687
 31
0.0
 40
72.58861356257511
 41
0.0
 42
65.69999999999992
 43
3.899999999999995
 71
     2
 72
     1
 44
72.58861356257511
 45
52.45568945086699
 73
     0
 74
     0
 46
0.0
  0
MTEXT
  5
226
330
AB
100
AcDbEntity
  8
0
 62
    18
420
        0
 48
0.3
370
     5
100
AcDbMText
 10
845.5324653148727
 20
276.1375662927843
 30
0.0
 40
2.999999999999996
 41
56.93256448020378
 46
0.0
 71
     1
 72
     5
  1
HDPE50 glasvezelbuis groen
  7
Fabricom-ISO
 73
     1
 44
1.0
101
Embedded Object
 70
     1
 10
1.0
 20
0.0
 30
0.0
 11
845.5324653148727
 21
276.1375662927843
 31
0.0
 40
56.93256448020378
 41
0.0
 42
50.99999999999993
 43
3.899999999999995
 71
     2
 72
     1
 44
56.93256448020378
 45
52.45568945086699
 73
     0
 74
     0
 46
0.0
  0
MTEXT
  5
227
330
AB
100
AcDbEntity
  8
0
 62
    18
420
        0
 48
0.3
370
     5
100
AcDbMText
 10
845.5324653148727
 20
263.9663910995841
 30
0.0
 40
2.999999999999996
 41
65.05051938367069
 46
0.0
 71
     1
 72
     5
  1
\pxql;Coax 14mm in groene buis %%C32mm
  7
Fabricom-ISO
 73
     1
 44
1.0
101
Embedded Object
 70
     1
 10
1.0
 20
0.0
 30
0.0
 11
845.5324653148727
 21
263.9663910995841
 31
0.0
 40
65.05051938367069
 41
0.0
 42
60.89999999999992
 43
3.899999999999995
 71
     2
 72
     1
 44
65.05051938367069
 45
52.45568945086699
 73
     0
 74
     0
 46
0.0
  0
MTEXT
  5
228
330
AB
100
AcDbEntity
  8
0
 62
    18
420
        0
 48
0.3
370
     5
100
AcDbMText
 10
845.5324653148727
 20
252.3747952863323
 30
0.0
 40
2.999999999999996
 41
63.31095308338436
 46
0.0
 71
     1
 72
     5
  1
\pxql;Coax 20mm in groene buis %%C40mm
  7
Fabricom-ISO
 73
     1
 44
1.0
101
Embedded Object
 70
     1
 10
1.0
 20
0.0
 30
0.0
 11
845.5324653148727
 21
252.3747952863323
 31
0.0
 40
63.31095308338436
 41
0.0
 42
61.49999999999991
 43
3.899999999999995
 71
     2
 72
     1
 44
63.31095308338436
 45
52.45568945086699
 73
     0
 74
     0
 46
0.0
  0
MTEXT
  5
229
330
AB
100
AcDbEntity
  8
0
 62
    18
420
        0
 48
0.3
370
     5
100
AcDbMText
 10
845.5324653148727
 20
239.6240434512708
 30
0.0
 40
2.999999999999996
 41
48.23476472557552
 46
0.0
 71
     1
 72
     5
  1
\pxql;Glasvezelput (Beton/CTB)
  7
Fabricom-ISO
 73
     1
 44
1.0
101
Embedded Object
 70
     1
 10
1.0
 20
0.0
 30
0.0
 11
845.5324653148727
 21
239.6240434512708
 31
0.0
 40
48.23476472557552
 41
0.0
 42
46.49999999999994
 43
4.199999999999993
 71
     2
 72
     1
 44
48.23476472557552
 45
52.45568945086699
 73
     0
 74
     0
 46
0.0
  0
MTEXT
  5
22A
330
AB
100
AcDbEntity
  8
0
 62
    18
420
        0
 48
0.3
370
     5
100
AcDbMText
 10
947.6418016234054
 20
348.7742153357462
 30
0.0
 40
3.999999999999996
 41
48.23476472557552
 46
0.0
 71
     1
 72
     5
  1
\pxql;Uitvoering:
  7
Fabricom-ISO
 73
     1
 44
1.0
101
Embedded Object
 70
     1
 10
1.0
 20
0.0
 30
0.0
 11
947.6418016234054
 21
348.7742153357462
 31
0.0
 40
48.23476472557552
 41
0.0
 42
24.79999999999998
 43
5.199999999999994
 71
     2
 72
     1
 44
48.23476472557552
 45
52.45568945086699
 73
     0
 74
     0
 46
0.0
  0
MTEXT
  5
22B
330
AB
100
AcDbEntity
  8
0
 62
    18
420
        0
 48
0.3
370
     5
100
AcDbMText
 10
945.0324627552433
 20
335.8342780227149
 30
0.0
 40
2.999999999999996
 41
78.9670021657556
 46
0.0
 71
     1
 72
     5
  1
\pxql;Sleuflengte
  7
Fabricom-ISO
 73
     1
 44
1.0
101
Embedded Object
 70
     1
 10
1.0
 20
0.0
 30
0.0
 11
945.0324627552433
 21
335.8342780227149
 31
0.0
 40
78.9670021657556
 41
0.0
 42
20.39999999999997
 43
3.899999999999995
 71
     2
 72
     1
 44
78.9670021657556
 45
52.45568945086699
 73
     0
 74
     0
 46
0.0
  0
MTEXT
  5
22C
330
AB
100
AcDbEntity
  8
0
 62
    18
420
        0
 48
0.3
370
     5
100
AcDbMText
 10
945.0324627552433
 20
324.242684947551
 30
0.0
 40
2.999999999999996
 41
62.73110294109017
 46
0.0
 71
     1
 72
     5
  1
\pxql;Doorsteek
  7
Fabricom-ISO
 73
     1
 44
1.0
101
Embedded Object
 70
     1
 10
1.0
 20
0.0
 30
0.0
 11
945.0324627552433
 21
324.242684947551
 31
0.0
 40
62.73110294109017
 41
0.0
 42
17.99999999999997
 43
2.999999999999996
 71
     2
 72
     1
 44
62.73110294109017
 45
52.45568945086699
 73
     0
 74
     0
 46
0.0
  0
MTEXT
  5
22D
330
AB
100
AcDbEntity
  8
0
 62
    18
420
        0
 48
0.3
370
     5
100
AcDbMText
 10
945.0324627552433
 20
312.3613008133688
 30
0.0
 40
2.999999999999996
 41
61.86132508208078
 46
0.0
 71
     1
 72
     5
  1
\pxql;Handboring
  7
Fabricom-ISO
 73
     1
 44
1.0
101
Embedded Object
 70
     1
 10
1.0
 20
0.0
 30
0.0
 11
945.0324627552433
 21
312.3613008133688
 31
0.0
 40
61.86132508208078
 41
0.0
 42
19.19999999999997
 43
3.899999999999995
 71
     2
 72
     1
 44
61.86132508208078
 45
52.45568945086699
 73
     0
 74
     0
 46
0.0
  0
MTEXT
  5
22E
330
AB
100
AcDbEntity
  8
0
 62
    18
420
        0
 48
0.3
370
     5
100
AcDbMText
 10
945.0324627552433
 20
299.9003345611495
 30
0.0
 40
2.999999999999996
 41
69.9792694032793
 46
0.0
 71
     1
 72
     5
  1
\pxql;Gestuurde lijnboring
  7
Fabricom-ISO
 73
     1
 44
1.0
101
Embedded Object
 70
     1
 10
1.0
 20
0.0
 30
0.0
 11
945.0324627552433
 21
299.9003345611495
 31
0.0
 40
69.9792694032793
 41
0.0
 42
35.99999999999995
 43
3.899999999999995
 71
     2
 72
     1
 44
69.9792694032793
 45
52.45568945086699
 73
     0
 74
     0
 46
0.0
  0
MTEXT
  5
22F
330
AB
100
AcDbEntity
  8
0
 62
    18
420
        0
 48
0.3
370
     5
100
AcDbMText
 10
945.0324627552433
 20
286.8597916670687
 30
0.0
 40
2.999999999999996
 41
72.58861356257511
 46
0.0
 71
     1
 72
     5
  1
\pxql;Gestuurde mantelboring %%C110mm
  7
Fabricom-ISO
 73
     1
 44
1.0
101
Embedded Object
 70
     1
 10
1.0
 20
0.0
 30
0.0
 11
945.0324627552433
 21
286.8597916670687
 31
0.0
 40
72.58861356257511
 41
0.0
 42
57.89999999999992
 43
3.899999999999995
 71
     2
 72
     1
 44
72.58861356257511
 45
52.45568945086699
 73
     0
 74
     0
 46
0.0
  0
MTEXT
  5
230
330
AB
100
AcDbEntity
  8
0
 62
    18
420
        0
 48
0.3
370
     5
100
AcDbMText
 10
945.0324627552433
 20
276.1375662927843
 30
0.0
 40
2.999999999999996
 41
61.86131979094619
 46
0.0
 71
     1
 72
     5
  1
Gestuurde mantelboring %%C125mm
  7
Fabricom-ISO
 73
     1
 44
1.0
101
Embedded Object
 70
     1
 10
1.0
 20
0.0
 30
0.0
 11
945.0324627552433
 21
276.1375662927843
 31
0.0
 40
61.86131979094619
 41
0.0
 42
58.49999999999992
 43
3.899999999999995
 71
     2
 72
     1
 44
61.86131979094619
 45
52.45568945086699
 73
     0
 74
     0
 46
0.0
  0
MTEXT
  5
231
330
AB
100
AcDbEntity
  8
0
 62
    18
420
        0
 48
0.3
370
     5
100
AcDbMText
 10
945.0324627552433
 20
263.9663910995841
 30
0.0
 40
2.999999999999996
 41
65.05051938367069
 46
0.0
 71
     1
 72
     5
  1
\pxql;Gestuurde mantelboring %%C200mm
  7
Fabricom-ISO
 73
     1
 44
1.0
101
Embedded Object
 70
     1
 10
1.0
 20
0.0
 30
0.0
 11
945.0324627552433
 21
263.9663910995841
 31
0.0
 40
65.05051938367069
 41
0.0
 42
59.09999999999993
 43
3.899999999999995
 71
     2
 72
     1
 44
65.05051938367069
 45
52.45568945086699
 73
     0
 74
     0
 46
0.0
  0
MTEXT
  5
232
330
AB
100
AcDbEntity
  8
0
 62
    18
420
        0
 48
0.3
370
     5
100
AcDbMText
 10
945.0324627552433
 20
252.3747952863323
 30
0.0
 40
2.999999999999996
 41
63.31095308338436
 46
0.0
 71
     1
 72
     5
  1
\pxql;Droogtrekken leiding
  7
Fabricom-ISO
 73
     1
 44
1.0
101
Embedded Object
 70
     1
 10
1.0
 20
0.0
 30
0.0
 11
945.0324627552433
 21
252.3747952863323
 31
0.0
 40
63.31095308338436
 41
0.0
 42
37.19999999999995
 43
3.899999999999995
 71
     2
 72
     1
 44
63.31095308338436
 45
52.45568945086699
 73
     0
 74
     0
 46
0.0
  0
MTEXT
  5
233
330
AB
100
AcDbEntity
  8
0
 62
    18
420
        0
 48
0.3
370
     5
100
AcDbMText
 10
945.0324627552433
 20
239.6240434512708
 30
0.0
 40
2.999999999999996
 41
48.23476472557552
 46
0.0
 71
     1
 72
     5
  1
\pxql;Totale aanleg lengte
  7
Fabricom-ISO
 73
     1
 44
1.0
101
Embedded Object
 70
     1
 10
1.0
 20
0.0
 30
0.0
 11
945.0324627552433
 21
239.6240434512708
 31
0.0
 40
48.23476472557552
 41
0.0
 42
37.79999999999995
 43
3.899999999999995
 71
     2
 72
     1
 44
48.23476472557552
 45
52.45568945086699
 73
     0
 74
     0
 46
0.0
  0
LINE
  5
234
330
AB
100
AcDbEntity
  8
0
 62
    18
420
        0
 48
0.3
370
     5
100
AcDbLine
 10
1050.853749087419
 20
354.0910408125164
 30
0.0
 11
1050.853749087419
 21
232.0909569487817
 31
0.0
  0
MTEXT
  5
235
330
AB
100
AcDbEntity
  8
0
 62
    18
420
        0
 48
0.3
370
     5
100
AcDbMText
 10
1056.181823672627
 20
348.1527377275292
 30
0.0
 40
3.999999999999996
 41
4.353231926163963
 46
0.0
 71
     1
 72
     5
  1
\pxql;m
  7
Fabricom-ISO
 73
     1
 44
1.0
101
Embedded Object
 70
     1
 10
1.0
 20
0.0
 30
0.0
 11
1056.181823672627
 21
348.1527377275292
 31
0.0
 40
4.353231926163963
 41
0.0
 42
2.799999999999997
 43
3.999999999999996
 71
     2
 72
     1
 44
4.353231926163963
 45
52.45568945086699
 73
     0
 74
     0
 46
0.0
  0
CIRCLE
  5
236
102
{ACAD_REACTORS
330
23A
102
}
330
AB
100
AcDbEntity
  8
0
 62
    18
420
        0
 48
0.3
370
     5
100
AcDbCircle
 39
0.4999999999999995
 10
963.5504741880827
 20
218.2547377692991
 30
0.0
 40
2.296462098412575
  0
MTEXT
  5
237
330
AB
100
AcDbEntity
  8
0
 62
    18
420
        0
 48
0.3
370
     5
100
AcDbMText
 10
980.8051333794898
 20
221.3151703328913
 30
0.0
 40
3.999999999999996
 41
54.36796588474051
 46
0.0
 71
     1
 72
     5
  1
\pxql;referentiepunt AWV
  7
Fabricom-ISO
 73
     1
 44
1.0
101
Embedded Object
 70
     1
 10
1.0
 20
0.0
 30
0.0
 11
980.8051333794898
 21
221.3151703328913
 31
0.0
 40
54.36796588474051
 41
0.0
 42
48.79999999999995
 43
5.199999999999994
 71
     2
 72
     1
 44
54.36796588474051
 45
52.45568945086699
 73
     0
 74
     0
 46
0.0
  0
CIRCLE
  5
238
102
{ACAD_REACTORS
330
23B
102
}
330
AB
100
AcDbEntity
  8
0
 62
    18
420
        0
 48
0.3
370
     5
100
AcDbCircle
 39
0.4999999999999995
 10
963.5504741880827
 20
207.1103810845125
 30
0.0
 40
2.296462098412575
  0
MTEXT
  5
239
330
AB
100
AcDbEntity
  8
0
 62
    18
420
        0
 48
0.3
370
     5
100
AcDbMText
 10
980.8051333794898
 20
210.1708136481047
 30
0.0
 40
3.999999999999996
 41
48.23476472557552
 46
0.0
 71
     1
 72
     5
  1
\pxql;boom
  7
Fabricom-ISO
 73
     1
 44
1.0
101
Embedded Object
 70
     1
 10
1.0
 20
0.0
 30
0.0
 11
980.8051333794898
 21
210.1708136481047
 31
0.0
 40
48.23476472557552
 41
0.0
 42
11.19999999999999
 43
3.999999999999996
 71
     2
 72
     1
 44
48.23476472557552
 45
52.45568945086699
 73
     0
 74
     0
 46
0.0
  0
HATCH
  5
23A
330
AB
100
AcDbEntity
  8
0
 62
    18
420
        0
 48
0.3
370
     5
100
AcDbHatch
 10
0.0
 20
0.0
 30
0.0
210
0.0
220
0.0
230
1.0
  2
SOLID
 70
     1
 71
     1
 91
        1
 92
        7
 72
     1
 73
     1
 93
        2
 10
961.2540120896706
 20
218.2547377692991
 42
1.0
 10
965.8469362864959
 20
218.2547377692991
 42
1.0
 97
        1
330
236
 75
     1
 76
     1
 47
0.0459370362105086
 98
        1
 10
964.423950037972
 20
218.6525686725151
450
        0
451
        0
460
0.0
461
0.0
452
        0
462
0.0
453
        2
463
0.0
 63
     5
421
      255
463
1.0
 63
     2
421
 16776960
470
LINEAR
1001
GradientColor1ACI
1070
     5
1001
GradientColor2ACI
1070
     2
1001
ACAD
1010
0.0
1020
0.0
1030
0.0
  0
HATCH
  5
23B
330
AB
100
AcDbEntity
  8
0
 62
   114
420
  1284936
 48
0.3
370
     5
100
AcDbHatch
 10
0.0
 20
0.0
 30
0.0
210
0.0
220
0.0
230
1.0
  2
SOLID
 70
     1
 71
     1
 91
        1
 92
        7
 72
     1
 73
     1
 93
        2
 10
965.8469362864959
 20
207.1103810845125
 42
1.0
 10
961.2540120896706
 20
207.1103810845125
 42
1.0
 97
        1
330
238
 75
     1
 76
     1
 47
0.0459370362105086
 98
        1
 10
962.379549651583
 20
206.9509932076717
450
        0
451
        0
460
0.0
461
0.0
452
        0
462
0.0
453
        2
463
0.0
 63
     5
421
      255
463
1.0
 63
     2
421
 16776960
470
LINEAR
1001
GradientColor1ACI
1070
     5
1001
GradientColor2ACI
1070
     2
1001
ACAD
1010
0.0
1020
0.0
1030
0.0
  0
MTEXT
  5
23C
330
AB
100
AcDbEntity
  8
0
 62
    18
420
        0
 48
0.3
370
     5
100
AcDbMText
 10
1134.815006660739
 20
191.4968612804036
 30
0.0
 40
1.999999999999999
 41
18.68160084051759
 46
0.0
 71
     1
 72
     5
  1
maaiveld
  7
Fabricom-ISO
 73
     1
 44
1.0
101
Embedded Object
 70
     1
 10
1.0
 20
0.0
 30
0.0
 11
1134.815006660739
 21
191.4968612804036
 31
0.0
 40
18.68160084051759
 41
0.0
 42
9.799999999999997
 43
1.999999999999999
 71
     2
 72
     1
 44
18.68160084051759
 45
52.45568945086704
 73
     0
 74
     0
 46
0.0
  0
LINE
  5
23D
330
AB
100
AcDbEntity
  8
0
  6
Continuous
 62
    18
420
        0
100
AcDbLine
 10
1133.970891581927
 20
183.5353946579138
 30
0.0
 11
1133.970891581927
 21
191.1928265637638
 31
0.0
  0
SOLID
  5
23E
330
AB
100
AcDbEntity
  8
0
  6
Continuous
 62
    18
420
        0
370
     5
100
AcDbTrace
 10
1133.830816608039
 20
183.5353946579138
 30
0.0
 11
1134.110966555814
 21
183.5353946579138
 31
0.0
 12
1133.970891581927
 22
182.6949448145884
 32
0.0
 13
1133.970891581927
 23
182.6949448145884
 33
0.0
  0
MULTILEADER
  5
23F
330
AB
100
AcDbEntity
  8
0
 62
    18
420
        0
 48
0.3
160
               664
310
98020000190000000C00000016000000000000C20C00000033000000000000000C00000013000000993A00000C00000016000000000000C2C80000002600000028C7D5D734959140FEA81F9D49EA6440000000000000000000000000000000000000000000000000000000000000F03F000000000000F03F00000000000000
310
000000000000000000410061006E00760075006C00670072006F006E00640000000B00000001000000FEFFFFFFFFFFFF3F000000000000F03F0000000000000000000000000000F03F00000000000000000000000000000000000000000000000000000000010000002200000041007200690061006C000000000000000000
310
00000C00000033000000000000000C00000010000000000000000C00000016000000000000C20C00000012000000FF7F00000C00000013000000010000000C0000001400000001000000540000000700000003000000280462A27D359140C686ECB3A91664400000000000000000263FB69EE2259140DECC18BF43F3634000
310
000000000000008A419C4F36339140A390594F3D3D644000000000000000000C00000014000000010000000C00000013000000891300003C0000000600000002000000D922FFF859349140B40BA381F3296440000000000000000026C7D5D7346D914031642830E100654000000000000000000C0000001300000011270000
310
3C000000060000000200000026C7D5D7346D914031642830E1006540000000000000000026C7D5D7348D914031642830E100654000000000000000000C00000016000000000000C20C00000012000000FF7F00000C00000017000000000000000C000000130000009A3A00000C00000016000000000000C20C000000120000
310
00FF7F00000C00000017000000050000000C0000003300000000000000
370
     5
100
AcDbMLeader
270
     2
300
CONTEXT_DATA{
 40
1.0
 10
1123.301604595451
 20
168.0274887837309
 30
0.0
 41
1.999999999999999
140
3.999999999999999
145
1.999999999999999
174
     1
175
     1
176
     0
177
     0
290
     1
304
Aanvulgrond
 11
0.0
 21
0.0
 31
1.0
340
55
 12
1125.301604595452
 22
169.3214860552179
 32
0.0
 13
1.0
 23
0.0
 33
0.0
 42
0.0
 43
0.0
 44
0.0
 45
1.0
170
     1
 90
-1040187392
171
     1
172
     5
 91
-1073741824
141
0.0
 92
        0
291
     0
292
     0
173
     0
293
     0
142
0.0
143
0.0
294
     0
295
     0
296
     0
110
1097.471308562855
120
159.6020198330288
130
0.0
111
1.0
121
0.0
131
0.0
112
0.0
122
1.0
132
0.0
297
     0
302
LEADER{
290
     1
291
     1
 10
1115.301604595451
 20
168.0274887837309
 30
0.0
 11
1.0
 21
0.0
 31
0.0
 90
        0
 40
7.999999999999998
304
LEADER_LINE{
 10
1097.471308562855
 20
159.6020198330288
 30
0.0
 91
        0
305
}
271
     0
303
}
272
     9
273
     9
301
}
340
67
 90
 17122304
170
     1
 91
-1056964608
341
5B
171
    -2
290
     1
291
     1
 41
8.0
 42
4.0
172
     2
343
55
173
     1
 95
        1
174
     1
175
     0
 92
-1056964608
292
     0
 93
-1056964608
 10
1.0
 20
1.0
 30
1.0
 43
0.0
176
     0
293
     0
294
     0
178
     0
179
     1
 45
1.0
271
     0
272
     9
273
     9
295
     0
  0
LINE
  5
240
330
AB
100
AcDbEntity
  8
0
 62
    18
420
        0
 48
0.3
370
     5
100
AcDbLine
 10
1105.585665506019
 20
137.5255104271632
 30
0.0
 11
1119.9710095203
 21
137.5255104271632
 31
0.0
  0
LINE
  5
241
102
{ACAD_REACTORS
330
264
102
}
330
AB
100
AcDbEntity
  8
0
 62
    18
420
        0
 48
0.3
370
     5
100
AcDbLine
 10
1086.869242832521
 20
143.7466235214333
 30
0.0
 11
1119.9710095203
 21
143.7466235214333
 31
0.0
  0
LINE
  5
242
330
AB
100
AcDbEntity
  8
0
 62
    18
420
        0
 48
0.3
370
     5
100
AcDbLine
 10
1118.7210095203
 20
137.8255104271632
 30
0.0
 11
1118.7210095203
 21
143.4466235214333
 31
0.0
  0
SOLID
  5
243
330
AB
100
AcDbEntity
  8
0
 62
    18
420
        0
 48
0.3
370
     5
100
AcDbTrace
 10
1118.6710095203
 20
137.8255104271632
 30
0.0
 11
1118.7710095203
 21
137.8255104271632
 31
0.0
 12
1118.7210095203
 22
137.5255104271632
 32
0.0
 13
1118.7210095203
 23
137.5255104271632
 33
0.0
  0
SOLID
  5
244
330
AB
100
AcDbEntity
  8
0
 62
    18
420
        0
 48
0.3
370
     5
100
AcDbTrace
 10
1118.6710095203
 20
143.4466235214333
 30
0.0
 11
1118.7710095203
 21
143.4466235214333
 31
0.0
 12
1118.7210095203
 22
143.7466235214333
 32
0.0
 13
1118.7210095203
 23
143.7466235214333
 33
0.0
  0
HATCH
  5
245
330
AB
100
AcDbEntity
  8
0
 62
     7
420
 16777215
100
AcDbHatch
 10
0.0
 20
0.0
 30
0.0
210
0.0
220
0.0
230
1.0
  2
SOLID
 70
     1
 71
     0
 91
        2
 92
        7
 72
     0
 73
     1
 93
        3
 10
1114.309837233196
 20
137.6716386106767
 10
1117.139411513429
 20
137.6716386106767
 10
1114.309837233196
 20
143.5795409540214
 97
        0
 92
        7
 72
     0
 73
     1
 93
        3
 10
1117.139411513429
 20
137.6716386106767
 10
1114.309837233196
 20
143.5795409540214
 10
1117.139411513429
 20
143.5795409540214
 97
        0
 75
     0
 76
     1
 47
0.000001
 98
        0
450
        0
451
        0
460
0.0
461
1.0
452
        0
462
0.0
453
        0
470

  0
TEXT
  5
246
330
AB
100
AcDbEntity
  8
0
 62
     7
100
AcDbText
 10
1116.393150164797
 20
137.9203923935544
 30
0.0
 40
1.623071498064104
  1
0,1 m
 50
90.0
  7
ISOCPEUR$001H0
100
AcDbText
  0
MULTILEADER
  5
247
330
AB
100
AcDbEntity
  8
0
 62
    18
420
        0
 48
0.3
160
               696
310
B8020000190000000C00000016000000000000C20C00000033000000000000000C00000013000000993A00000C00000016000000000000C2E800000026000000B987E7235C9091405EF22E14B0816240000000000000000000000000000000000000000000000000000000000000F03F000000000000F03F00000000000000
310
000000000000000000540065006C0065006E0065007400200077006100610072007300630068007500770069006E006700730072006100730074006500720000001B00000001000000FEFFFFFFFFFFFF3F000000000000F03F0000000000000000000000000000F03F00000000000000000000000000000000000000000000
310
000000000000010000002200000041007200690061006C00000000000000000000000C00000033000000000000000C00000010000000000000000C00000016000000000000C20C00000012000000FF7F00000C00000013000000010000000C0000001400000001000000540000000700000003000000A66358D7F93591405E
310
271E9B490862400000000000000000263FB69EE225914060DF0257E4F761400000000000000000C8316A0571349140E1F0906F2631624000000000000000000C00000014000000010000000C00000013000000891300003C0000000600000002000000B74A616E353591401F8C5705B81C624000000000000000002B413932
310
9F68914091AD37A74798624000000000000000000C00000013000000112700003C00000006000000020000002B4139329F68914091AD37A74798624000000000000000002B4139329F88914091AD37A74798624000000000000000000C00000016000000000000C20C00000012000000FF7F00000C00000017000000000000
310
000C000000130000009A3A00000C00000016000000000000C20C00000012000000FF7F00000C00000017000000050000000C0000003300000000000000
370
     5
100
AcDbMLeader
270
     2
300
CONTEXT_DATA{
 40
1.0
 10
1122.155465025522
 20
148.7587467277012
 30
0.0
 41
1.999999999999999
140
3.999999999999999
145
1.999999999999999
174
     1
175
     1
176
     0
177
     0
290
     1
304
Telenet waarschuwingsraster
 11
0.0
 21
0.0
 31
1.0
340
55
 12
1124.155465025523
 22
150.0527439991883
 32
0.0
 13
1.0
 23
0.0
 33
0.0
 42
0.0
 43
0.0
 44
0.0
 45
1.0
170
     1
 90
-1040187392
171
     1
172
     5
 91
-1073741824
141
0.0
 92
        0
291
     0
292
     0
173
     0
293
     0
142
0.0
143
0.0
294
     0
295
     0
296
     0
110
1097.471308562855
120
143.7466235214333
130
0.0
111
1.0
121
0.0
131
0.0
112
0.0
122
1.0
132
0.0
297
     0
302
LEADER{
290
     1
291
     1
 10
1114.155465025523
 20
148.7587467277012
 30
0.0
 11
1.0
 21
0.0
 31
0.0
 90
        0
 40
7.999999999999998
304
LEADER_LINE{
 10
1097.471308562855
 20
143.7466235214333
 30
0.0
 91
        0
305
}
271
     0
303
}
272
     9
273
     9
301
}
340
67
 90
 17122304
170
     1
 91
-1056964608
341
5B
171
    -2
290
     1
291
     1
 41
8.0
 42
4.0
172
     2
343
55
173
     1
 95
        1
174
     1
175
     0
 92
-1056964608
292
     0
 93
-1056964608
 10
1.0
 20
1.0
 30
1.0
 43
0.0
176
     0
293
     0
294
     0
178
     0
179
     1
 45
1.0
271
     0
272
     9
273
     9
295
     0
  0
MULTILEADER
  5
248
330
AB
100
AcDbEntity
  8
0
 62
    18
420
        0
 48
0.3
160
               652
310
8C020000190000000C00000016000000000000C20C00000033000000000000000C00000013000000993A00000C00000016000000000000C2BC0000002600000093A1B8557FA9904041D47D63BECF6140000000000000000000000000000000000000000000000000000000000000F03F000000000000F03F00000000000000
310
0000000000000000005A0061006E006400000000000400000001000000FEFFFFFFFFFFFF3F000000000000F03F0000000000000000000000000000F03F00000000000000000000000000000000000000000000000000000000010000002200000041007200690061006C00000000000000000000000C000000330000000000
310
00000C00000010000000000000000C00000016000000000000C20C00000012000000FF7F00000C00000013000000010000000C0000001400000001000000540000000700000003000000F68EF678540A91404C230FFE06A261400000000000000000A888087A46189140CE7E1299BF5F61400000000000000000E6E10F9465
310
0891405C4D561F437A614000000000000000000C00000014000000010000000C00000013000000891300003C00000006000000020000006E3883065D09914054B8B20E258E61400000000000000000F058C8C429EA90405A61DA4638EF614000000000000000000C00000013000000122700003C0000000600000002000000
310
F058C8C429EA90405A61DA4638EF61400000000000000000F058C8C429CA90405A61DA4638EF614000000000000000000C00000016000000000000C20C00000012000000FF7F00000C00000017000000000000000C000000130000009A3A00000C00000016000000000000C20C00000012000000FF7F00000C000000170000
310
00050000000C0000003300000000000000
370
     5
100
AcDbMLeader
270
     2
300
CONTEXT_DATA{
 40
1.0
 10
1064.430284953675
 20
143.475619722866
 30
0.0
 41
1.999999999999999
140
3.999999999999999
145
1.999999999999999
174
     1
175
     1
176
     2
177
     0
290
     1
304
Zand
 11
0.0
 21
0.0
 31
1.0
340
55
 12
1072.540789728573
 22
144.4919908006286
 32
0.0
 13
1.0
 23
0.0
 33
0.0
 42
0.0
 43
0.0
 44
0.0
 45
1.0
170
     1
 90
-1040187392
171
     3
172
     5
 91
-1073741824
141
0.0
 92
        0
291
     0
292
     0
173
     0
293
     0
142
0.0
143
0.0
294
     0
295
     0
296
     0
110
1016.08875780378
120
131.8488327617269
130
0.0
111
1.0
121
0.0
131
0.0
112
0.0
122
1.0
132
0.0
297
     0
302
LEADER{
290
     1
291
     1
 10
1082.540789728573
 20
143.475619722866
 30
0.0
 11
-1.0
 21
0.0
 31
0.0
 90
        1
 40
7.999999999999998
304
LEADER_LINE{
 10
1094.06882489523
 20
138.9921384202229
 30
0.0
 91
        0
305
}
271
     0
303
}
272
     9
273
     9
301
}
340
67
 90
 17122304
170
     1
 91
-1056964608
341
5B
171
    -2
290
     1
291
     1
 41
8.0
 42
4.0
172
     2
343
55
173
     1
 95
        1
174
     1
175
     0
 92
-1056964608
292
     0
 93
-1056964608
 10
1.0
 20
1.0
 30
1.0
 43
0.0
176
     0
293
     0
294
     0
178
     0
179
     3
 45
1.0
271
     0
272
     9
273
     9
295
     0
  0
LWPOLYLINE
  5
249
330
AB
100
AcDbEntity
  8
0
 62
    18
420
        0
 48
0.3
370
     5
100
AcDbPolyline
 90
        2
 70
     0
 43
0.1499999999999999
 10
1093.136335788344
 20
143.7466235214333
 10
1100.321648324385
 20
143.7466235214333
  0
LINE
  5
24A
330
AB
100
AcDbEntity
  8
0
  6
Continuous
 62
    18
420
        0
370
    20
100
AcDbLine
 10
1104.400286132948
 20
39.18455232391473
 30
0.0
 11
1122.964687176997
 21
39.18455232391473
 31
0.0
  0
MTEXT
  5
24B
330
AB
100
AcDbEntity
  8
0
 62
    18
420
        0
 48
0.3
370
     5
100
AcDbMText
 10
1134.815006660739
 20
93.15590317715521
 30
0.0
 40
1.999999999999999
 41
18.68160084051759
 46
0.0
 71
     1
 72
     5
  1
maaiveld
  7
Fabricom-ISO
 73
     1
 44
1.0
101
Embedded Object
 70
     1
 10
1.0
 20
0.0
 30
0.0
 11
1134.815006660739
 21
93.15590317715521
 31
0.0
 40
18.68160084051759
 41
0.0
 42
9.799999999999997
 43
1.999999999999999
 71
     2
 72
     1
 44
18.68160084051759
 45
52.45568945086704
 73
     0
 74
     0
 46
0.0
  0
LINE
  5
24C
330
AB
100
AcDbEntity
  8
0
  6
Continuous
 62
    18
420
        0
100
AcDbLine
 10
1133.970891581927
 20
85.19443655466545
 30
0.0
 11
1133.970891581927
 21
92.85186846051544
 31
0.0
  0
SOLID
  5
24D
330
AB
100
AcDbEntity
  8
0
  6
Continuous
 62
    18
420
        0
370
     5
100
AcDbTrace
 10
1133.830816608039
 20
85.19443655466545
 30
0.0
 11
1134.110966555814
 21
85.19443655466545
 31
0.0
 12
1133.970891581927
 22
84.35398671134009
 32
0.0
 13
1133.970891581927
 23
84.35398671134009
 33
0.0
  0
MULTILEADER
  5
24E
330
AB
100
AcDbEntity
  8
0
 62
    18
420
        0
 48
0.3
160
               664
310
98020000190000000C00000016000000000000C20C00000033000000000000000C00000013000000993A00000C00000016000000000000C2C80000002600000028C7D5D73495914078A14FF8C03E5140000000000000000000000000000000000000000000000000000000000000F03F000000000000F03F00000000000000
310
000000000000000000410061006E00760075006C00670072006F006E00640000000B00000001000000FEFFFFFFFFFFFF3F000000000000F03F0000000000000000000000000000F03F00000000000000000000000000000000000000000000000000000000010000002200000041007200690061006C00000000005C000000
310
00000C00000033000000000000000C00000010000000000000000C00000016000000000000C20C00000012000000FF7F00000C00000013000000010000000C0000001400000001000000540000000700000003000000280462A27D3591400BBAD24B022F4F400000000000000000263FB69EE22591406CD283786AA14E4000
310
000000000000008A419C4F3633914080E186B950C94F4000000000000000000C00000014000000010000000C00000013000000891300003C0000000600000002000000D922FFF859349140C5CDAC82297C4F40000000000000000026C7D5D7346D9140DE17611EF06B514000000000000000000C0000001300000011270000
310
3C000000060000000200000026C7D5D7346D9140DE17611EF06B5140000000000000000026C7D5D7348D9140DE17611EF06B514000000000000000000C00000016000000000000C20C00000012000000FF7F00000C00000017000000000000000C000000130000009A3A00000C00000016000000000000C20C000000120000
310
00FF7F00000C00000017000000050000000C0000003300000000000000
370
     5
100
AcDbMLeader
270
     2
300
CONTEXT_DATA{
 40
1.0
 10
1123.301604595451
 20
69.68653068048249
 30
0.0
 41
1.999999999999999
140
3.999999999999999
145
1.999999999999999
174
     1
175
     1
176
     0
177
     0
290
     1
304
Aanvulgrond
 11
0.0
 21
0.0
 31
1.0
340
55
 12
1125.301604595452
 22
70.98052795196952
 32
0.0
 13
1.0
 23
0.0
 33
0.0
 42
0.0
 43
0.0
 44
0.0
 45
1.0
170
     1
 90
-1040187392
171
     1
172
     5
 91
-1073741824
141
0.0
 92
        0
291
     0
292
     0
173
     0
293
     0
142
0.0
143
0.0
294
     0
295
     0
296
     0
110
1097.471308562855
120
61.26106172978038
130
0.0
111
1.0
121
0.0
131
0.0
112
0.0
122
1.0
132
0.0
297
     0
302
LEADER{
290
     1
291
     1
 10
1115.301604595451
 20
69.68653068048249
 30
0.0
 11
1.0
 21
0.0
 31
0.0
 90
        0
 40
7.999999999999998
304
LEADER_LINE{
 10
1097.471308562855
 20
61.26106172978038
 30
0.0
 91
        0
305
}
271
     0
303
}
272
     9
273
     9
301
}
340
67
 90
 17122304
170
     1
 91
-1056964608
341
5B
171
    -2
290
     1
291
     1
 41
8.0
 42
4.0
172
     2
343
55
173
     1
 95
        1
174
     1
175
     0
 92
-1056964608
292
     0
 93
-1056964608
 10
1.0
 20
1.0
 30
1.0
 43
0.0
176
     0
293
     0
294
     0
178
     0
179
     1
 45
1.0
271
     0
272
     9
273
     9
295
     0
  0
LINE
  5
24F
330
AB
100
AcDbEntity
  8
0
 62
    18
420
        0
 48
0.3
370
     5
100
AcDbLine
 10
1105.585665506019
 20
39.18455232391479
 30
0.0
 11
1119.9710095203
 21
39.18455232391479
 31
0.0
  0
LINE
  5
250
102
{ACAD_REACTORS
330
25A
102
}
330
AB
100
AcDbEntity
  8
0
 62
    18
420
        0
 48
0.3
370
     5
100
AcDbLine
 10
1086.869242832521
 20
45.40566541818489
 30
0.0
 11
1119.9710095203
 21
45.40566541818489
 31
0.0
  0
LINE
  5
251
330
AB
100
AcDbEntity
  8
0
 62
    18
420
        0
 48
0.3
370
     5
100
AcDbLine
 10
1118.7210095203
 20
39.4845523239148
 30
0.0
 11
1118.7210095203
 21
45.1056654181849
 31
0.0
  0
SOLID
  5
252
330
AB
100
AcDbEntity
  8
0
 62
    18
420
        0
 48
0.3
370
     5
100
AcDbTrace
 10
1118.6710095203
 20
39.4845523239148
 30
0.0
 11
1118.7710095203
 21
39.4845523239148
 31
0.0
 12
1118.7210095203
 22
39.18455232391479
 32
0.0
 13
1118.7210095203
 23
39.18455232391479
 33
0.0
  0
SOLID
  5
253
330
AB
100
AcDbEntity
  8
0
 62
    18
420
        0
 48
0.3
370
     5
100
AcDbTrace
 10
1118.6710095203
 20
45.1056654181849
 30
0.0
 11
1118.7710095203
 21
45.1056654181849
 31
0.0
 12
1118.7210095203
 22
45.40566541818489
 32
0.0
 13
1118.7210095203
 23
45.40566541818489
 33
0.0
  0
HATCH
  5
254
330
AB
100
AcDbEntity
  8
0
 62
     7
420
 16777215
100
AcDbHatch
 10
0.0
 20
0.0
 30
0.0
210
0.0
220
0.0
230
1.0
  2
SOLID
 70
     1
 71
     0
 91
        2
 92
        7
 72
     0
 73
     1
 93
        3
 10
1114.309837233196
 20
39.33068050742831
 10
1117.139411513429
 20
39.33068050742831
 10
1114.309837233196
 20
45.23858285077305
 97
        0
 92
        7
 72
     0
 73
     1
 93
        3
 10
1117.139411513429
 20
39.33068050742831
 10
1114.309837233196
 20
45.23858285077305
 10
1117.139411513429
 20
45.23858285077305
 97
        0
 75
     0
 76
     1
 47
0.000001
 98
        0
450
        0
451
        0
460
0.0
461
1.0
452
        0
462
0.0
453
        0
470

  0
TEXT
  5
255
330
AB
100
AcDbEntity
  8
0
 62
     7
100
AcDbText
 10
1116.393150164797
 20
39.57943429030601
 30
0.0
 40
1.623071498064104
  1
0,1 m
 50
90.0
  7
ISOCPEUR$001H0
100
AcDbText
  0
MULTILEADER
  5
256
330
AB
100
AcDbEntity
  8
0
 62
    18
420
        0
 48
0.3
160
               696
310
B8020000190000000C00000016000000000000C20C00000033000000000000000C00000013000000993A00000C00000016000000000000C2E800000026000000B987E7235C9091404D68DCCC1BDB4840000000000000000000000000000000000000000000000000000000000000F03F000000000000F03F00000000000000
310
000000000000000000540065006C0065006E0065007400200077006100610072007300630068007500770069006E006700730072006100730074006500720000001B00000001000000FEFFFFFFFFFFFF3F000000000000F03F0000000000000000000000000000F03F00000000000000000000000000000000000000000000
310
000000000000010000002200000041007200690061006C00000000000000000000000C00000033000000000000000C00000010000000000000000C00000016000000000000C20C00000012000000FF7F00000C00000013000000010000000C0000001400000001000000540000000700000003000000A66358D7F935914064
310
3C99E881F546400000000000000000263FB69EE2259140741C2CD8ECB346400000000000000000C9316A05713491407062643AF598474000000000000000000C00000014000000010000000C00000013000000891300003C0000000600000002000000B74A616E353591406ACF7E913B47474000000000000000002B413932
310
9F6891401855FF187A35494000000000000000000C00000013000000112700003C00000006000000020000002B4139329F6891401855FF187A35494000000000000000002B4139329F8891401855FF187A35494000000000000000000C00000016000000000000C20C00000012000000FF7F00000C00000017000000000000
310
000C000000130000009A3A00000C00000016000000000000C20C00000012000000FF7F00000C00000017000000050000000C0000003300000000000000
370
     5
100
AcDbMLeader
270
     2
300
CONTEXT_DATA{
 40
1.0
 10
1122.155465025522
 20
50.41778862445261
 30
0.0
 41
1.999999999999999
140
3.999999999999999
145
1.999999999999999
174
     1
175
     1
176
     0
177
     0
290
     1
304
Telenet waarschuwingsraster
 11
0.0
 21
0.0
 31
1.0
340
55
 12
1124.155465025523
 22
51.71178589593965
 32
0.0
 13
1.0
 23
0.0
 33
0.0
 42
0.0
 43
0.0
 44
0.0
 45
1.0
170
     1
 90
-1040187392
171
     1
172
     5
 91
-1073741824
141
0.0
 92
        0
291
     0
292
     0
173
     0
293
     0
142
0.0
143
0.0
294
     0
295
     0
296
     0
110
1097.471308562855
120
45.40566541818489
130
0.0
111
1.0
121
0.0
131
0.0
112
0.0
122
1.0
132
0.0
297
     0
302
LEADER{
290
     1
291
     1
 10
1114.155465025523
 20
50.41778862445261
 30
0.0
 11
1.0
 21
0.0
 31
0.0
 90
        0
 40
7.999999999999998
304
LEADER_LINE{
 10
1097.471308562855
 20
45.40566541818489
 30
0.0
 91
        0
305
}
271
     0
303
}
272
     9
273
     9
301
}
340
67
 90
 17122304
170
     1
 91
-1056964608
341
5B
171
    -2
290
     1
291
     1
 41
8.0
 42
4.0
172
     2
343
55
173
     1
 95
        1
174
     1
175
     0
 92
-1056964608
292
     0
 93
-1056964608
 10
1.0
 20
1.0
 30
1.0
 43
0.0
176
     0
293
     0
294
     0
178
     0
179
     1
 45
1.0
271
     0
272
     9
273
     9
295
     0
  0
MULTILEADER
  5
257
330
AB
100
AcDbEntity
  8
0
 62
    18
420
        0
 48
0.3
160
               652
310
8C020000190000000C00000016000000000000C20C00000033000000000000000C00000013000000993A00000C00000016000000000000C2BC0000002600000093A1B8557FA99040FAEF170A55134640000000000000000000000000000000000000000000000000000000000000F03F000000000000F03F00000000000000
310
0000000000000000005A0061006E006400000000000400000001000000FEFFFFFFFFFFFF3F000000000000F03F0000000000000000000000000000F03F00000000000000000000000000000000000000000000000000000000010000002200000041007200690061006C00000000000000000000000C000000330000000000
310
00000C00000010000000000000000C00000016000000000000C20C00000012000000FF7F00000C00000013000000010000000C0000001400000001000000540000000700000003000000F68EF678540A9140252C5D74775C45400000000000000000A888087A461891402C9A6AE0595344400000000000000000E6E10F9465
310
08914066D479F967BD444000000000000000000C00000014000000010000000C00000013000000891300003C00000006000000020000006E3883065D0991404680EBB6EF0C45400000000000000000F058C8C429EA90405E248A973C91464000000000000000000C00000013000000122700003C0000000600000002000000
310
F058C8C429EA90405E248A973C9146400000000000000000F058C8C429CA90405E248A973C91464000000000000000000C00000016000000000000C20C00000012000000FF7F00000C00000017000000000000000C000000130000009A3A00000C00000016000000000000C20C00000012000000FF7F00000C000000170000
310
00050000000C0000003300000000000000
370
     5
100
AcDbMLeader
270
     2
300
CONTEXT_DATA{
 40
1.0
 10
1064.430284953675
 20
45.13466161961763
 30
0.0
 41
1.999999999999999
140
3.999999999999999
145
1.999999999999999
174
     1
175
     1
176
     2
177
     0
290
     1
304
Zand
 11
0.0
 21
0.0
 31
1.0
340
55
 12
1072.540789728573
 22
46.15103269738024
 32
0.0
 13
1.0
 23
0.0
 33
0.0
 42
0.0
 43
0.0
 44
0.0
 45
1.0
170
     1
 90
-1040187392
171
     3
172
     5
 91
-1073741824
141
0.0
 92
        0
291
     0
292
     0
173
     0
293
     0
142
0.0
143
0.0
294
     0
295
     0
296
     0
110
1016.08875780378
120
33.50787465847849
130
0.0
111
1.0
121
0.0
131
0.0
112
0.0
122
1.0
132
0.0
297
     0
302
LEADER{
290
     1
291
     1
 10
1082.540789728573
 20
45.13466161961763
 30
0.0
 11
-1.0
 21
0.0
 31
0.0
 90
        1
 40
7.999999999999998
304
LEADER_LINE{
 10
1094.06882489523
 20
40.65118031697451
 30
0.0
 91
        0
305
}
271
     0
303
}
272
     9
273
     9
301
}
340
67
 90
 17122304
170
     1
 91
-1056964608
341
5B
171
    -2
290
     1
291
     1
 41
8.0
 42
4.0
172
     2
343
55
173
     1
 95
        1
174
     1
175
     0
 92
-1056964608
292
     0
 93
-1056964608
 10
1.0
 20
1.0
 30
1.0
 43
0.0
176
     0
293
     0
294
     0
178
     0
179
     3
 45
1.0
271
     0
272
     9
273
     9
295
     0
  0
LWPOLYLINE
  5
258
330
AB
100
AcDbEntity
  8
0
 62
    18
420
        0
 48
0.3
370
     5
100
AcDbPolyline
 90
        2
 70
     0
 43
0.1499999999999999
 10
1093.136335788344
 20
45.40566541818489
 10
1100.321648324385
 20
45.40566541818489
  0
LINE
  5
259
330
AB
100
AcDbEntity
  8
0
  6
Continuous
 62
    18
420
        0
370
    20
100
AcDbLine
 10
1104.960665506019
 20
33.77175835036252
 30
0.0
 11
1123.525066550068
 21
33.77175835036252
 31
0.0
  0
HATCH
  5
25A
330
AB
100
AcDbEntity
  8
0
 62
    18
420
        0
 48
0.3
370
     5
100
AcDbHatch
 10
0.0
 20
0.0
 30
0.0
210
0.0
220
0.0
230
1.0
  2
AR-CONC
 70
     0
 71
     1
 91
        3
 92
        7
 72
     0
 73
     1
 93
        4
 10
1104.960665506019
 20
45.40566541818489
 10
1086.869242832521
 20
45.40566541818489
 10
1086.869242832521
 20
33.77175835036233
 10
1104.960665506019
 20
33.77175835036233
 97
        2
330
250
330
169
 92
       20
 93
        3
 72
     3
 10
1095.410539425727
 20
37.84549497575626
 11
-3.047100780263614
 21
0.0
 40
0.4354024522242779
 50
0.0
 51
360.0
 73
     1
 72
     1
 10
1095.691690415842
 20
39.16655059471283
 11
1104.400286132949
 21
39.18455232391449
 72
     1
 10
1104.400286132948
 20
39.18455232391448
 11
1095.354574796201
 21
39.18455232391448
 97
        2
330
1F1
330
1E3
 92
        6
 72
     1
 73
     1
 93
        4
 10
1097.828696290944
 20
37.87361641956521
 42
-1.003006980682389
 10
1095.53687626948
 20
37.86584778339988
 42
-1.003385283029432
 10
1093.251940016356
 20
37.85812567615149
 42
-1.003006980682388
 10
1095.543760037821
 20
37.86589431231682
 42
-1.003385283029381
 97
        2
330
1E7
330
1E8
 75
     1
 76
     1
 52
0.0
 41
0.0051
 77
     0
 78
    13
 53
49.99999999999999
 43
0.0
 44
0.0
 45
0.9291418118796197
 46
-0.0812893362484057
 79
     2
 49
0.097155
 49
-1.068704999999999
 53
355.0
 43
0.0
 44
0.0
 45
-0.1797414492673436
 46
0.9743899107190788
 79
     2
 49
0.077724
 49
-0.8549669792669998
 53
100.4514446999999
 43
0.0774282357
 44
-0.00677409285
 45
0.7494003601608014
 46
0.8931005347521947
 79
     2
 49
0.08256904488
 49
-0.9082602474599996
 53
46.1842
 43
0.0
 44
0.2590799999999997
 45
1.382503108549862
 46
-0.2144158724569084
 79
     2
 49
0.1457325
 49
-1.603057499999999
 53
96.63555760999992
 43
0.1152084899999999
 44
0.24121215
 45
1.210761083662664
 46
1.261873235448379
 79
     2
 49
0.1238536180139999
 49
-1.362391601615999
 53
351.18415117
 43
0.0
 44
0.2590799999999997
 45
1.210761083731382
 46
1.261873235386215
 79
     2
 49
0.1165858320569999
 49
-1.282444632791999
 53
21.0
 43
0.1295399999999999
 44
0.19431
 45
0.7732333954725755
 46
-0.5215525107541467
 79
     2
 49
0.097155
 49
-1.068704999999999
 53
326.0
 43
0.1295399999999999
 44
0.19431
 45
0.3151903445729999
 46
0.9393586272238279
 79
     2
 49
0.077724
 49
-0.8549639999999993
 53
71.45144499999999
 43
0.1939761162599999
 44
0.1508472905099998
 45
1.088423738321451
 46
0.4178061213181166
 79
     2
 49
0.08256904488
 49
-0.9082586817599995
 53
37.50000000000002
 43
0.0
 44
0.0
 45
0.0157518765780183
 46
0.4312306982530806
 79
     6
 49
0.0
 49
-0.8446007999999997
 49
0.0
 49
-0.8679179999999997
 49
0.0
 49
-0.8582024999999998
 53
7.500000000000002
 43
0.0
 44
0.0
 45
0.3407802788025593
 46
0.5109209315724095
 79
     6
 49
0.0
 49
-0.4948427999999997
 49
0.0
 49
-0.8251697999999992
 49
0.0
 49
-0.3270884999999998
 53
327.5
 43
-0.2888741999999999
 44
0.0
 45
0.6915120353510438
 46
-0.0292165943626346
 79
     6
 49
0.0
 49
-0.3238499999999998
 49
0.0
 49
-1.010411999999999
 49
0.0
 49
-1.340738999999999
 53
317.5
 43
-0.4184141999999999
 44
0.0
 45
0.7554588250686918
 46
0.1296751042699984
 79
     6
 49
0.0
 49
-0.4210049999999998
 49
0.0
 49
-0.6710171999999998
 49
0.0
 49
-0.9521189999999997
 47
0.0715510394733354
 98
        3
 10
1099.47543597715
 20
42.23093475422773
 10
1099.47543597715
 20
42.23093475422773
 10
1099.47543597715
 20
42.23093475422773
1001
GradientColor1ACI
1070
     5
1001
GradientColor2ACI
1070
     2
1001
ACAD
1010
0.0
1020
0.0
1030
0.0
1001
HATCHBACKGROUNDCOLOR
1071
-1023410177
1000

1000

  0
CIRCLE
  5
25C
102
{ACAD_REACTORS
330
264
102
}
330
AB
100
AcDbEntity
  8
0
 62
    32
420
 13461800
 48
0.3
370
     5
100
AcDbCircle
 10
1098.436094284618
 20
135.2737653523039
 30
0.0
 40
2.231137846905289
  0
CIRCLE
  5
25D
102
{ACAD_REACTORS
330
264
102
}
330
AB
100
AcDbEntity
  8
0
 62
   215
420
 11096992
 48
0.3
370
     5
100
AcDbCircle
 10
1097.373425575484
 20
134.2110966431693
 30
0.0
 40
0.7236526517401412
  0
CIRCLE
  5
25E
102
{ACAD_REACTORS
330
264
102
}
330
AB
100
AcDbEntity
  8
0
 62
     2
420
 15854367
 48
0.3
370
     5
100
AcDbCircle
 10
1098.82505802797
 20
133.8221328998191
 30
0.0
 40
0.7236526517401412
  0
CIRCLE
  5
25F
102
{ACAD_REACTORS
330
264
102
}
330
AB
100
AcDbEntity
  8
0
 62
     3
 48
0.3
370
     5
100
AcDbCircle
 10
1099.887726737105
 20
134.8848016089537
 30
0.0
 40
0.7236526517401414
  0
CIRCLE
  5
260
102
{ACAD_REACTORS
330
264
102
}
330
AB
100
AcDbEntity
  8
0
 62
     5
 48
0.3
370
     5
100
AcDbCircle
 10
1099.498762993754
 20
136.3364340614389
 30
0.0
 40
0.7236526517401414
  0
CIRCLE
  5
261
102
{ACAD_REACTORS
330
264
102
}
330
AB
100
AcDbEntity
  8
0
 62
     1
 48
0.3
370
     5
100
AcDbCircle
 10
1098.04713054127
 20
136.7253978047888
 30
0.0
 40
0.7236526517401415
  0
CIRCLE
  5
262
102
{ACAD_REACTORS
330
264
102
}
330
AB
100
AcDbEntity
  8
0
 62
    30
420
 15886114
 48
0.3
370
     5
100
AcDbCircle
 10
1096.984461832136
 20
135.6627290956544
 30
0.0
 40
0.7236526517401415
  0
CIRCLE
  5
263
102
{ACAD_REACTORS
330
264
102
}
330
AB
100
AcDbEntity
  8
0
 62
    18
420
        0
 48
0.3
370
     5
100
AcDbCircle
 10
1098.436094284618
 20
135.2737653523039
 30
0.0
 40
0.7791878490277077
  0
HATCH
  5
264
330
AB
100
AcDbEntity
  8
0
 62
    18
420
        0
 48
0.3
370
     5
100
AcDbHatch
 10
0.0
 20
0.0
 30
0.0
210
0.0
220
0.0
230
1.0
  2
AR-CONC
 70
     0
 71
     1
 91
        3
 92
        7
 72
     1
 73
     1
 93
       10
 10
1086.869242832521
 20
143.7466235214333
 42
0.0
 10
1086.869242832521
 20
134.1284873947784
 42
0.0
 10
1089.850250772786
 20
134.42283704954
 42
-0.0981374662994852
 10
1089.681610711443
 20
135.2737653523039
 42
-1.0
 10
1094.143886405254
 20
135.2737653523039
 42
-0.8212656077928203
 10
1089.850250772786
 20
134.42283704954
 42
0.0
 10
1086.869242832521
 20
134.1284873947784
 42
0.0
 10
1086.869242832521
 20
132.1127164536109
 42
0.0
 10
1104.960665506019
 20
132.1127164536109
 42
0.0
 10
1104.960665506019
 20
143.7466235214333
 42
0.0
 97
        4
330
241
330
C5
330
1F2
330
1E9
 92
       22
 72
     1
 73
     1
 93
        2
 10
1100.667232131524
 20
135.2737653523039
 42
-1.0
 10
1096.204956437713
 20
135.2737653523039
 42
-1.0
 97
        1
330
25C
 92
        6
 72
     1
 73
     1
 93
       14
 10
1098.77078319301
 20
136.7253978047888
 42
-0.0707385178279653
 10
1098.799768208176
 20
136.5237291497481
 42
-0.8769764629927827
 10
1100.222415645495
 20
136.3364340614389
 42
-0.3566832618510573
 10
1099.700431648796
 20
135.5837963945321
 42
-0.4931454260313617
 10
1100.611379388845
 20
134.8848016089537
 42
-0.7484509049005544
 10
1099.336757725239
 20
134.3338325970881
 42
-0.1989123673796369
 10
1099.54871067971
 20
133.8221328998191
 42
-1.0
 10
1098.10140537623
 20
133.8221328998191
 42
-0.0707385178281764
 10
1098.072420361062
 20
134.0238015548602
 42
-0.8769764629928593
 10
1096.649772923744
 20
134.2110966431693
 42
-0.3566832618512811
 10
1097.171756920444
 20
134.9637343100758
 42
-0.4931454260309484
 10
1096.260809180395
 20
135.6627290956544
 42
-0.7484509048999759
 10
1097.535430844001
 20
136.2136981075197
 42
-0.1989123673796369
 10
1097.323477889529
 20
136.7253978047888
 42
-1.0
 97
        7
330
261
330
263
330
260
330
25F
330
25E
330
25D
330
262
 75
     1
 76
     1
 52
0.0
 41
0.0051
 77
     0
 78
    13
 53
49.99999999999999
 43
0.0
 44
0.0
 45
0.9291418118796197
 46
-0.0812893362484057
 79
     2
 49
0.097155
 49
-1.068704999999999
 53
355.0
 43
0.0
 44
0.0
 45
-0.1797414492673436
 46
0.9743899107190788
 79
     2
 49
0.077724
 49
-0.8549669792669998
 53
100.4514446999999
 43
0.0774282357
 44
-0.00677409285
 45
0.7494003601608014
 46
0.8931005347521947
 79
     2
 49
0.08256904488
 49
-0.9082602474599996
 53
46.1842
 43
0.0
 44
0.2590799999999997
 45
1.382503108549862
 46
-0.2144158724569084
 79
     2
 49
0.1457325
 49
-1.603057499999999
 53
96.63555760999992
 43
0.1152084899999999
 44
0.24121215
 45
1.210761083662664
 46
1.261873235448379
 79
     2
 49
0.1238536180139999
 49
-1.362391601615999
 53
351.18415117
 43
0.0
 44
0.2590799999999997
 45
1.210761083731382
 46
1.261873235386215
 79
     2
 49
0.1165858320569999
 49
-1.282444632791999
 53
21.0
 43
0.1295399999999999
 44
0.19431
 45
0.7732333954725755
 46
-0.5215525107541467
 79
     2
 49
0.097155
 49
-1.068704999999999
 53
326.0
 43
0.1295399999999999
 44
0.19431
 45
0.3151903445729999
 46
0.9393586272238279
 79
     2
 49
0.077724
 49
-0.8549639999999993
 53
71.45144499999999
 43
0.1939761162599999
 44
0.1508472905099998
 45
1.088423738321451
 46
0.4178061213181166
 79
     2
 49
0.08256904488
 49
-0.9082586817599995
 53
37.50000000000002
 43
0.0
 44
0.0
 45
0.0157518765780183
 46
0.4312306982530806
 79
     6
 49
0.0
 49
-0.8446007999999997
 49
0.0
 49
-0.8679179999999997
 49
0.0
 49
-0.8582024999999998
 53
7.500000000000002
 43
0.0
 44
0.0
 45
0.3407802788025593
 46
0.5109209315724095
 79
     6
 49
0.0
 49
-0.4948427999999997
 49
0.0
 49
-0.8251697999999992
 49
0.0
 49
-0.3270884999999998
 53
327.5
 43
-0.2888741999999999
 44
0.0
 45
0.6915120353510438
 46
-0.0292165943626346
 79
     6
 49
0.0
 49
-0.3238499999999998
 49
0.0
 49
-1.010411999999999
 49
0.0
 49
-1.340738999999999
 53
317.5
 43
-0.4184141999999999
 44
0.0
 45
0.7554588250686918
 46
0.1296751042699984
 79
     6
 49
0.0
 49
-0.4210049999999998
 49
0.0
 49
-0.6710171999999998
 49
0.0
 49
-0.9521189999999997
 47
0.0697793516227582
 98
        3
 10
1096.335799820023
 20
141.4731668415215
 10
1096.335799820023
 20
141.4731668415215
 10
1096.335799820023
 20
141.4731668415215
1001
GradientColor1ACI
1070
     5
1001
GradientColor2ACI
1070
     2
1001
ACAD
1010
0.0
1020
0.0
1030
0.0
1001
HATCHBACKGROUNDCOLOR
1071
-1023410177
1000

1000

  0
LINE
  5
265
330
AB
100
AcDbEntity
  8
0
 62
    18
420
        0
 48
0.3
370
     5
100
AcDbLine
 10
1105.585665506019
 20
81.95642985003756
 30
0.0
 11
1133.674254587977
 21
81.95642985003756
 31
0.0
  0
SOLID
  5
266
330
AB
100
AcDbEntity
  8
0
 62
    18
420
        0
 48
0.3
370
     5
100
AcDbTrace
 10
1132.374254587978
 20
34.07175835036234
 30
0.0
 11
1132.474254587978
 21
34.07175835036234
 31
0.0
 12
1132.424254587978
 22
33.77175835036235
 32
0.0
 13
1132.424254587978
 23
33.77175835036235
 33
0.0
  0
SOLID
  5
267
330
AB
100
AcDbEntity
  8
0
 62
    18
420
        0
 48
0.3
370
     5
100
AcDbTrace
 10
1132.374254587978
 20
81.65642985003755
 30
0.0
 11
1132.474254587978
 21
81.65642985003755
 31
0.0
 12
1132.424254587978
 22
81.95642985003756
 32
0.0
 13
1132.424254587978
 23
81.95642985003756
 33
0.0
  0
LWPOLYLINE
  5
268
330
AB
100
AcDbEntity
  8
0
  6
DASH
 62
     1
370
     5
100
AcDbPolyline
 90
        4
 70
     1
 43
0.0
 10
875.0689813317702
 20
167.4055777417606
 10
859.691833241748
 20
167.4647525674779
 10
859.6903368109805
 20
169.464701767511
 10
875.0674849010044
 20
169.4055269417937
  0
MTEXT
  5
269
330
AB
100
AcDbEntity
  8
0
 62
    18
420
        0
 48
0.3
370
     5
100
AcDbMText
 10
887.5060339101482
 20
170.8530248336978
 30
0.0
 40
3.999999999999996
 41
48.23476472557552
 46
0.0
 71
     1
 72
     5
  1
\pxql;lijnboring
  7
Fabricom-ISO
 73
     1
 44
1.0
101
Embedded Object
 70
     1
 10
1.0
 20
0.0
 30
0.0
 11
887.5060339101482
 21
170.8530248336978
 31
0.0
 40
48.23476472557552
 41
0.0
 42
20.79999999999998
 43
5.199999999999994
 71
     2
 72
     1
 44
48.23476472557552
 45
52.45568945086699
 73
     0
 74
     0
 46
0.0
  0
ENDBLK
  5
26A
330
AB
100
AcDbEntity
  8
0
 62
    18
420
        0
 48
0.3
370
     5
100
AcDbBlockEnd
  0
BLOCK
  5
2A0
330
29F
100
AcDbEntity
  8
0
 62
    18
420
        0
 48
0.3
100
AcDbBlockBegin
  2
*D4
 70
     1
 10
0.0
 20
0.0
 30
0.0
  3
*D4
  1

  0
LINE
  5
2D3
330
29F
100
AcDbEntity
  8
0
 62
     0
440
 16777216
 48
0.3
370
    -2
100
AcDbLine
 10
230.3146938854711
 20
96.36469848429921
 30
0.0
 11
230.3140532422761
 21
96.36404367286743
 31
0.0
  0
LINE
  5
2D4
330
29F
100
AcDbEntity
  8
0
 62
     0
440
 16777216
 48
0.3
370
    -2
100
AcDbLine
 10
230.3138687982289
 20
96.36550571902548
 30
0.0
 11
230.313228155034
 21
96.3648509075937
 31
0.0
  0
LINE
  5
2D5
330
29F
100
AcDbEntity
  8
0
 62
     0
440
 16777216
 48
0.3
370
    -2
100
AcDbLine
 10
230.315362647422
 20
96.36486604488375
 30
0.0
 11
230.3156205814428
 21
96.36461369181372
 31
0.0
  0
LINE
  5
2D6
330
29F
100
AcDbEntity
  8
0
 62
     0
440
 16777216
 48
0.3
370
    -2
100
AcDbLine
 10
230.3140216921384
 20
96.36617798575006
 30
0.0
 11
230.3137637581177
 21
96.36643033882009
 31
0.0
  0
MTEXT
  5
2D7
330
29F
100
AcDbEntity
  8
0
 62
     0
440
 16777216
 48
0.3
370
     5
100
AcDbMText
 10
230.3160563671475
 20
96.36495622923421
 30
0.0
 40
0.0030070753486875
 41
0.0
 46
0.0
 71
     5
 72
     1
  1
{\H0.12x;1,50}
 11
0.7147975768609821
 21
-0.6993314122171752
 31
0.0
 73
     1
 44
1.0
  0
LINE
  5
2D8
330
29F
100
AcDbEntity
  8
0
 62
     0
440
 16777216
 48
0.3
370
    -2
100
AcDbLine
 10
230.3151047134013
 20
96.36511839795376
 30
0.0
 11
230.3142796261592
 21
96.36592563268003
 31
0.0
  0
SOLID
  5
2D9
330
29F
100
AcDbEntity
  8
0
 62
     0
440
 16777216
 48
0.3
100
AcDbTrace
 10
230.315404706267
 20
96.36490903388718
 30
0.0
 11
230.315320588577
 21
96.3648230558803
 31
0.0
 12
230.3151047134013
 22
96.36511839795376
 32
0.0
 13
230.3151047134013
 23
96.36511839795376
 33
0.0
  0
SOLID
  5
2DA
330
29F
100
AcDbEntity
  8
0
 62
     0
440
 16777216
 48
0.3
100
AcDbTrace
 10
230.3140637509834
 20
96.36622097475351
 30
0.0
 11
230.3139796332934
 21
96.36613499674661
 31
0.0
 12
230.3142796261592
 22
96.36592563268003
 32
0.0
 13
230.3142796261592
 23
96.36592563268003
 33
0.0
  0
POINT
  5
2DB
330
29F
100
AcDbEntity
  8
Defpoints
 62
     0
440
 16777216
 48
0.3
100
AcDbPoint
 10
230.3152196210336
 20
96.36523584684237
 30
0.0
  0
POINT
  5
2DC
330
29F
100
AcDbEntity
  8
Defpoints
 62
     0
440
 16777216
 48
0.3
100
AcDbPoint
 10
230.3143945337914
 20
96.36604308156867
 30
0.0
  0
POINT
  5
2DD
330
29F
100
AcDbEntity
  8
Defpoints
 62
     0
440
 16777216
 48
0.3
100
AcDbPoint
 10
230.3142796261592
 20
96.36592563268003
 30
0.0
  0
ENDBLK
  5
2A1
330
29F
100
AcDbEntity
  8
0
 62
    18
420
        0
 48
0.3
100
AcDbBlockEnd
  0
ENDSEC
  0
SECTION
  2
ENTITIES
  0
LWPOLYLINE
  5
A5
330
70
100
AcDbEntity
  8
Cross sections
  6
Continuous
 62
    18
420
        0
 48
0.3
100
AcDbPolyline
 90
        4
 70
     1
 43
0.0
 10
29.69999999999999
 20
21.0
 10
267.3
 20
21.0
 10
267.3
 20
189.0
 10
29.69999999999999
 20
189.0
  0
LWPOLYLINE
  5
A9
330
70
100
AcDbEntity
  8
0
 62
    18
420
        0
 48
0.3
370
     5
100
AcDbPolyline
 90
        4
 70
     1
 43
0.0
 10
265.3588660412999
 20
92.45022303586393
 10
265.6021018799623
 20
92.45022303586393
 10
265.6021413208185
 20
92.69383538542816
 10
265.358905482156
 20
92.69383538542816
  0
INSERT
  5
AA
330
70
100
AcDbEntity
  8
0
 62
    18
420
        0
 48
0.3
370
     5
100
AcDbBlockReference
 66
     1
  2
BYON_LAYOUT_A0_SYN1_10
 10
265.3544097178322
 20
92.44725215355217
 30
0.0
 41
0.0002970882311759
 42
0.0002970882311759
 43
0.0002970882311759
  0
ATTRIB
  5
26C
330
AA
100
AcDbEntity
  8
Layout Text
 48
0.3
100
AcDbText
 10
265.6173988840766
 20
92.45818532706312
 30
0.0
 40
0.0008912646935277
  1

  7
CofelyFabricom-networks
100
AcDbAttribute
280
     0
  2
STADGEMEENTE
 70
     0
280
     0
  0
ATTRIB
  5
26E
330
AA
100
AcDbEntity
  8
Layout Text
 48
0.3
100
AcDbText
 10
265.6854089202699
 20
92.4562471407693
 30
0.0
 40
0.0007427205779397
  1

  7
CofelyFabricom-networks
100
AcDbAttribute
280
     0
  2
AARD_PLAN
 70
     0
280
     0
  0
ATTRIB
  5
26F
330
AA
100
AcDbEntity
  8
Layout Text
 48
0.3
100
AcDbText
 10
265.6155070434021
 20
92.45081318914714
 30
0.0
 40
0.0007427205779397
  1

  7
CofelyFabricom-networks
 72
     1
 11
265.6155070434021
 21
92.45118454943613
 31
0.0
100
AcDbAttribute
280
     0
  2
TEKA
 70
     0
 74
     2
280
     0
  0
ATTRIB
  5
270
330
AA
100
AcDbEntity
  8
Layout Text
 48
0.3
100
AcDbText
 10
265.6174625123274
 20
92.45081318914714
 30
0.0
 40
0.0007427205779397
  1

  7
CofelyFabricom-networks
 11
265.6174625123274
 21
92.45118454943613
 31
0.0
100
AcDbAttribute
280
     0
  2
WIJZA
 70
     0
 74
     2
280
     0
  0
ATTRIB
  5
271
330
AA
100
AcDbEntity
  8
Layout Text
 48
0.3
100
AcDbText
 10
265.6110507199345
 20
92.45081318914714
 30
0.0
 40
0.0007427205779397
  1

  7
CofelyFabricom-networks
 72
     1
 11
265.6110507199345
 21
92.45118454943613
 31
0.0
100
AcDbAttribute
280
     0
  2
DATUMA
 70
     0
 74
     2
280
     0
  0
ATTRIB
  5
272
330
AA
100
AcDbEntity
  8
Layout Text
 48
0.3
100
AcDbText
 10
265.6172933692146
 20
92.45980243350491
 30
0.0
 40
0.0008912646935277
  1

  7
CofelyFabricom-networks
100
AcDbAttribute
280
     0
  2
PROJECTNAAM
 70
     0
280
     0
  0
ATTRIB
  5
273
330
AA
100
AcDbEntity
  8
Layout Text
 48
0.3
100
AcDbText
 10
265.6155070434021
 20
92.4525957185342
 30
0.0
 40
0.0007427205779397
  1

  7
CofelyFabricom-networks
 72
     1
 11
265.6155070434021
 21
92.45296707882316
 31
0.0
100
AcDbAttribute
280
     0
  2
TEKB
 70
     0
 74
     2
280
     0
  0
ATTRIB
  5
274
330
AA
100
AcDbEntity
  8
Layout Text
 48
0.3
100
AcDbText
 10
265.6174625123274
 20
92.4525957185342
 30
0.0
 40
0.0007427205779397
  1

  7
CofelyFabricom-networks
 11
265.6174625123274
 21
92.45296707882316
 31
0.0
100
AcDbAttribute
280
     0
  2
WIJZB
 70
     0
 74
     2
280
     0
  0
ATTRIB
  5
275
330
AA
100
AcDbEntity
  8
Layout Text
 48
0.3
100
AcDbText
 10
265.6110507199345
 20
92.4525957185342
 30
0.0
 40
0.0007427205779397
  1

  7
CofelyFabricom-networks
 72
     1
 11
265.6110507199345
 21
92.45296707882316
 31
0.0
100
AcDbAttribute
280
     0
  2
DATUMB
 70
     0
 74
     2
280
     0
  0
ATTRIB
  5
276
330
AA
100
AcDbEntity
  8
Layout Text
 48
0.3
100
AcDbText
 10
265.6155070434021
 20
92.45437824792125
 30
0.0
 40
0.0007427205779397
  1

  7
CofelyFabricom-networks
 72
     1
 11
265.6155070434021
 21
92.45474960821022
 31
0.0
100
AcDbAttribute
280
     0
  2
TEKC
 70
     0
 74
     2
280
     0
  0
ATTRIB
  5
277
330
AA
100
AcDbEntity
  8
Layout Text
 48
0.3
100
AcDbText
 10
265.6174625123274
 20
92.45437824792125
 30
0.0
 40
0.0007427205779397
  1

  7
CofelyFabricom-networks
 11
265.6174625123274
 21
92.45474960821022
 31
0.0
100
AcDbAttribute
280
     0
  2
WIJZC
 70
     0
 74
     2
280
     0
  0
ATTRIB
  5
278
330
AA
100
AcDbEntity
  8
Layout Text
 48
0.3
100
AcDbText
 10
265.6110507199345
 20
92.45437824792125
 30
0.0
 40
0.0007427205779397
  1

  7
CofelyFabricom-networks
 72
     1
 11
265.6110507199345
 21
92.45474960821022
 31
0.0
100
AcDbAttribute
280
     0
  2
DATUMC
 70
     0
 74
     2
280
     0
  0
ATTRIB
  5
279
330
AA
100
AcDbEntity
  8
Layout Text
 48
0.2
100
AcDbText
 10
265.6065943964668
 20
92.45081318914714
 30
0.0
 40
0.0007427205779397
  1

  7
CofelyFabricom-networks
 72
     1
 11
265.6065943964668
 21
92.45118454943613
 31
0.0
100
AcDbAttribute
280
     0
  2
REVA
 70
     0
 74
     2
280
     1
  0
ATTRIB
  5
27A
330
AA
100
AcDbEntity
  8
Layout Text
 48
0.2
100
AcDbText
 10
265.6065943964668
 20
92.4525957185342
 30
0.0
 40
0.0007427205779397
  1

  7
CofelyFabricom-networks
 72
     1
 11
265.6065943964668
 21
92.45296707882316
 31
0.0
100
AcDbAttribute
280
     0
  2
REVB
 70
     0
 74
     2
280
     1
  0
ATTRIB
  5
27B
330
AA
100
AcDbEntity
  8
Layout Text
 48
0.2
100
AcDbText
 10
265.6065943964668
 20
92.45437824792125
 30
0.0
 40
0.0007427205779397
  1

  7
CofelyFabricom-networks
 72
     1
 11
265.6065943964668
 21
92.45474960821022
 31
0.0
100
AcDbAttribute
280
     0
  2
REVC
 70
     0
 74
     2
280
     1
  0
ATTRIB
  5
27C
330
AA
100
AcDbEntity
  8
Layout Text
 48
0.3
100
AcDbText
 10
265.690923877027
 20
92.45079881652587
 30
0.0
 40
0.0005941764623518
  1

  7
CofelyFabricom-networks
 72
     1
 11
265.690923877027
 21
92.45109590475705
 31
0.0
100
AcDbAttribute
280
     0
  2
PLANNR
 70
     0
 74
     2
280
     1
  0
ATTRIB
  5
27D
330
AA
100
AcDbEntity
  8
Layout Text
 48
0.3
100
AcDbText
 10
265.7005014312774
 20
92.45079881652587
 30
0.0
 40
0.0005941764623518
  1

  7
CofelyFabricom-networks
 72
     1
 11
265.7005014312774
 21
92.45109590475705
 31
0.0
100
AcDbAttribute
280
     0
  2
FOLIO
 70
     0
 74
     2
280
     1
  0
SEQEND
  5
27E
330
AA
100
AcDbEntity
  8
0
 62
    18
420
        0
 48
0.3
370
     5
  0
MTEXT
  5
27F
330
70
100
AcDbEntity
  8
0
 62
    18
420
        0
 48
0.3
370
     5
100
AcDbMText
 10
265.6098949543355
 20
92.61677705576424
 30
0.0
 40
0.00144339616737
 41
0.0378721777145179
 46
0.0
 71
     1
 72
     5
  1
Wyre^JBlarenberglaan 2C\P2800 Mechelen\PT: 015 333 000
  7
Fabricom-ISO
 73
     1
 44
1.0
101
Embedded Object
 70
     1
 10
1.0
 20
0.0
 30
0.0
 11
265.6098949543355
 21
92.61677705576424
 31
0.0
 40
0.0378721777145179
 41
0.0
 42
0.0157330182243328
 43
0.0086603770042199
 71
     2
 72
     1
 44
0.0378721777145179
 45
0.0630952842584429
 73
     0
 74
     0
 46
0.0
  0
MTEXT
  5
280
330
70
100
AcDbEntity
  8
0
 62
    18
420
        0
 48
0.3
370
     5
100
AcDbMText
 10
265.6920050220389
 20
92.51819063780279
 30
0.0
 40
0.001202830139475
 41
0.0029136430421601
 46
0.0
 71
     1
 72
     5
  1
IE
  7
Fabricom-ISO
 73
     1
 44
1.0
101
Embedded Object
 70
     1
 10
1.0
 20
0.0
 30
0.0
 11
265.6920050220389
 21
92.51819063780279
 31
0.0
 40
0.0029136430421601
 41
0.0
 42
0.00096226411158
 43
0.001202830139475
 71
     2
 72
     1
 44
0.0029136430421601
 45
0.0630952842584429
 73
     0
 74
     0
 46
0.0
  0
IMAGE
  5
281
330
70
100
AcDbEntity
  8
0
 62
    18
420
        0
 48
0.3
160
               140
310
8C0000000100000084000000060000000500000035C4223B849A7040B83D5BD293265740000000000000000035C4223B849A704096AB8C64972757400000000000000000121F90D11F9B704096AB8C64972757400000000000000000121F90D11F9B7040B83D5BD293265740000000000000000035C4223B849A7040B83D5B
310
D2932657400000000000000000
370
     5
100
AcDbRasterImage
 90
        0
 10
265.6572829587997
 20
92.60277232084524
 30
0.0
 11
0.0000135178844845
 21
0.0
 31
0.0
 12
0.0
 22
0.0000135178844845
 32
0.0
 13
2810.0
 23
1172.0
340
282
 70
     7
280
     0
281
    50
282
    50
283
     0
290
     0
360
284
 71
     1
 91
        2
 14
-0.5
 24
-0.5
 14
2809.5
 24
1171.5
  0
IMAGE
  5
286
330
70
100
AcDbEntity
  8
0
 62
    18
420
        0
 48
0.3
160
               140
310
8C000000010000008400000006000000050000003F6CBE1BCB987040FF8EE1A72D28574000000000000000003F6CBE1BCB987040E7E47F6C682C57400000000000000000D174F554A3997040E7E47F6C682C57400000000000000000D174F554A3997040FF8EE1A72D28574000000000000000003F6CBE1BCB987040FF8EE1
310
A72D2857400000000000000000
370
     5
100
AcDbRasterImage
 90
        0
 10
265.5495870054619
 20
92.62778660800176
 30
0.0
 11
0.0000805938006896
 21
0.0
 31
0.0
 12
0.0
 22
0.0000805938006896
 32
0.0
 13
655.0
 23
820.0
340
287
 70
     7
280
     0
281
    50
282
    50
283
     0
290
     0
360
288
 71
     1
 91
        2
 14
-0.5
 24
-0.5
 14
654.4999999999999
 24
819.5
  0
DIMENSION
  5
289
330
70
100
AcDbEntity
  8
0
 62
    18
420
        0
 48
0.3
370
     5
100
AcDbDimension
280
     0
  2
*D4
 10
230.3142796261592
 20
96.36592563268003
 30
0.0
 11
230.3160563671475
 21
96.36495622923421
 31
0.0
 70
   161
  1
{\H0.12x;1,50}
 71
     5
 42
1.374463425652843
 73
     0
 74
     0
 75
     0
  3
ISO-25
100
AcDbAlignedDimension
 13
230.3152196210336
 23
96.36523584684239
 33
0.0
 14
230.3143945337914
 24
96.36604308156867
 34
0.0
1001
ACAD_DIMASSOC_OVERRIDDEN_DIMLFAC
1040
0.0
1001
ACAD_DIMASSOC_CALC_DIMLFAC
1040
-1.432256128324778
1001
ACAD_DIMASSOC_DIMLFAC
1040
-1.432256128324778
1001
ACAD
1000
DSTYLE
1002
{
1070
    40
1040
0.001202830139475
1070
   144
1040
1190.73847696395
1070
   279
1070
     2
1002
}
  0
IMAGE
  5
29B
330
70
100
AcDbEntity
  8
0
 62
    18
420
        0
 48
0.3
160
               140
310
8C0000000100000084000000060000000500000081CF06B5BD95704087B475FBDA1C5740000000000000000081CF06B5BD9570407D56E6A0951E57400000000000000000A7D1B2C72B9670407D56E6A0951E57400000000000000000A7D1B2C72B96704087B475FBDA1C5740000000000000000081CF06B5BD95704087B475
310
FBDA1C57400000000000000000
370
     5
100
AcDbRasterImage
 90
        0
 10
265.3588152185476
 20
92.45086561674735
 30
0.0
 11
0.000071853678259
 21
0.0
 31
0.0
 12
0.0
 22
0.000071853678259
 32
0.0
 13
374.0
 23
376.0
340
29C
 70
     7
280
     0
281
    50
282
    50
283
     0
290
     0
360
29D
 71
     1
 91
        2
 14
-0.5
 24
-0.5
 14
373.5
 24
375.5
  0
VIEWPORT
  5
2FA
102
{ACAD_XDICTIONARY
360
2FB
102
}
330
6C
100
AcDbEntity
 67
     1
  8
0
 62
    18
420
        0
 48
0.3
100
AcDbViewport
 10
264.409697271351
 20
92.67528694090449
 30
0.0
 40
0.7874435353160153
 41
0.3348378972474562
 68
     1
 69
     1
 12
264.409697271351
 22
92.67528694090449
 13
0.0
 23
0.0
 14
0.5
 24
0.5
 15
0.5
 25
0.5
 16
0.0
 26
0.0
 36
1.0
 17
0.0
 27
0.0
 37
0.0
 42
50.0
 43
0.0
 44
0.0
 45
0.3348378972474562
 50
0.0
 51
0.0
 72
   100
 90
   557088
  1

281
     0
 71
     1
 74
     0
110
0.0
120
0.0
130
0.0
111
1.0
121
0.0
131
0.0
112
0.0
122
1.0
132
0.0
 79
     0
146
0.0
170
     0
 61
     5
348
2F
292
     1
282
     1
141
0.0
142
0.0
 63
   250
421
  3355443
  0
VIEWPORT
  5
2FE
102
{ACAD_XDICTIONARY
360
2FF
102
}
330
6C
100
AcDbEntity
 67
     1
  8
Cross sections
 62
    18
420
        0
 48
0.3
100
AcDbViewport
 10
148.5
 20
105.0
 30
0.0
 40
237.6
 41
168.0
 68
     2
 69
     2
 12
148.5
 22
105.0
 13
0.0
 23
0.0
 14
0.5
 24
0.5
 15
0.5
 25
0.5
 16
0.0
 26
0.0
 36
1.0
 17
0.0
 27
0.0
 37
0.0
 42
50.0
 43
0.0
 44
0.0
 45
169.6337115072933
 50
0.0
 51
0.0
 72
   100
 90
   557088
  1

281
     0
 71
     1
 74
     0
110
0.0
120
0.0
130
0.0
111
1.0
121
0.0
131
0.0
112
0.0
122
1.0
132
0.0
 79
     0
146
0.0
170
     0
 61
     5
348
2F
292
     1
282
     1
141
0.0
142
0.0
 63
   250
421
  3355443
  0
ENDSEC
  0
SECTION
  2
OBJECTS
  0
DICTIONARY
  5
C
330
0
100
AcDbDictionary
281
     1
  3
ACAD_CIP_PREVIOUS_PRODUCT_INFO
350
2F4
  3
ACAD_COLOR
350
63
  3
ACAD_DETAILVIEWSTYLE
350
6A
  3
ACAD_GROUP
350
D
  3
ACAD_IMAGE_DICT
350
283
  3
ACAD_IMAGE_VARS
350
285
  3
ACAD_LAST_SAVED_VERSION_INFO
350
2DE
  3
ACAD_LAYOUT
350
62
  3
ACAD_MATERIAL
350
10
  3
ACAD_MLEADERSTYLE
350
66
  3
ACAD_MLINESTYLE
350
5F
  3
ACAD_PLOTSETTINGS
350
61
  3
ACAD_PLOTSTYLENAME
350
E
  3
ACAD_SCALELIST
350
42
  3
ACAD_SECTIONVIEWSTYLE
350
68
  3
ACAD_TABLESTYLE
350
64
  3
ACAD_VISUALSTYLE
350
29
  3
ACDB_RECOMPOSE_DATA
350
303
  3
AcDbVariableDictionary
350
2E0
  0
DICTIONARY
  5
2D1
330
70
100
AcDbDictionary
280
     1
281
     1
  3
ACAD_SORTENTS
360
2D2
  0
DICTIONARY
  5
1F8
330
1F7
100
AcDbDictionary
280
     1
281
     1
  0
DICTIONARY
  5
AC
330
AB
100
AcDbDictionary
280
     1
281
     1
  3
ACAD_SORTENTS
360
2D0
  0
IMAGEDEF_REACTOR
  5
284
330
281
100
AcDbRasterImageDefReactor
 90
        2
330
281
  0
IMAGEDEF_REACTOR
  5
288
330
286
100
AcDbRasterImageDefReactor
 90
        2
330
286
  0
IMAGEDEF_REACTOR
  5
29D
330
29B
100
AcDbRasterImageDefReactor
 90
        2
330
29B
  0
DICTIONARY
  5
2FB
330
2FA
100
AcDbDictionary
280
     1
281
     1
  3
ASDK_XREC_ANNOTATION_SCALE_INFO
360
2FC
  0
DICTIONARY
  5
2FF
330
2FE
100
AcDbDictionary
280
     1
281
     1
  3
ASDK_XREC_ANNOTATION_SCALE_INFO
360
300
  0
XRECORD
  5
2F4
102
{ACAD_REACTORS
330
C
102
}
330
C
100
AcDbXrecord
280
     1
300
ACDLT
300
2027
300

  0
DICTIONARY
  5
63
102
{ACAD_REACTORS
330
C
102
}
330
C
100
AcDbDictionary
281
     1
  0
DICTIONARY
  5
6A
102
{ACAD_REACTORS
330
C
102
}
330
C
100
AcDbDictionary
281
     1
  3
Imperial24
350
6B
  3
Metric50
350
2E9
  0
DICTIONARY
  5
D
102
{ACAD_REACTORS
330
C
102
}
330
C
100
AcDbDictionary
281
     1
  0
DICTIONARY
  5
283
102
{ACAD_REACTORS
330
C
102
}
330
C
100
AcDbDictionary
281
     1
  3
BLAASPUT
350
287
  3
c72e2615-9012-4512-88b2-f3ff25a8e610
350
29C
  3
wyre-logo
350
282
  0
RASTERVARIABLES
  5
285
102
{ACAD_REACTORS
330
C
102
}
330
C
100
AcDbRasterVariables
 90
        0
 70
     0
 71
     1
 72
     0
  0
XRECORD
  5
2DE
102
{ACAD_REACTORS
330
C
102
}
330
C
100
AcDbXrecord
280
     1
300
{76513325-EAD1-DE43-8B78-669EFB26158F}
301
{D2B744BB-77E3-A54F-9F81-FC01E26C603C}
302
{76513325-EAD1-DE43-8B78-669EFB26158F}
303
C:\Users\HamzaBouhali\Downloads\table_layout_template.dxf
  0
DICTIONARY
  5
62
102
{ACAD_REACTORS
330
C
102
}
330
C
100
AcDbDictionary
281
     1
  3
Layout1
350
6F
  3
Layout2
350
77
  3
Model
350
73
  0
DICTIONARY
  5
10
102
{ACAD_REACTORS
330
C
102
}
330
C
100
AcDbDictionary
281
     1
  3
ByBlock
350
19
  3
ByLayer
350
11
  3
Global
350
21
  0
DICTIONARY
  5
66
102
{ACAD_REACTORS
330
C
102
}
330
C
100
AcDbDictionary
281
     1
  3
Standard
350
67
  0
DICTIONARY
  5
5F
102
{ACAD_REACTORS
330
C
102
}
330
C
100
AcDbDictionary
281
     1
  3
Standard
350
60
  0
DICTIONARY
  5
61
102
{ACAD_REACTORS
330
C
102
}
330
C
100
AcDbDictionary
281
     1
  0
ACDBDICTIONARYWDFLT
  5
E
102
{ACAD_REACTORS
330
C
102
}
330
C
100
AcDbDictionary
281
     1
  3
Black
350
83
  3
Normal
350
F
100
AcDbDictionaryWithDefault
340
F
  0
DICTIONARY
  5
42
102
{ACAD_REACTORS
330
C
102
}
330
C
100
AcDbDictionary
281
     1
  3
*A1
350
84
  3
*A10
350
95
  3
*A11
350
96
  3
*A12
350
85
  3
*A13
350
97
  3
*A14
350
98
  3
*A15
350
99
  3
*A16
350
9A
  3
*A17
350
9B
  3
*A18
350
9C
  3
*A19
350
9D
  3
*A2
350
8D
  3
*A20
350
9E
  3
*A21
350
9F
  3
*A22
350
A0
  3
*A23
350
86
  3
*A24
350
A1
  3
*A25
350
A2
  3
*A26
350
A3
  3
*A27
350
A4
  3
*A28
350
87
  3
*A29
350
88
  3
*A3
350
8E
  3
*A30
350
89
  3
*A31
350
8A
  3
*A32
350
8B
  3
*A33
350
8C
  3
*A4
350
8F
  3
*A5
350
90
  3
*A6
350
91
  3
*A7
350
92
  3
*A8
350
93
  3
*A9
350
94
  3
A0
350
43
  3
A1
350
44
  3
A2
350
45
  3
A3
350
46
  3
A4
350
47
  3
A5
350
48
  3
A6
350
49
  3
A7
350
4A
  3
A8
350
4B
  3
A9
350
4C
  3
B0
350
4D
  3
B1
350
4E
  3
B2
350
4F
  3
B3
350
50
  3
B4
350
51
  3
B5
350
52
  3
B6
350
53
  0
DICTIONARY
  5
68
102
{ACAD_REACTORS
330
C
102
}
330
C
100
AcDbDictionary
281
     1
  3
Imperial24
350
69
  3
Metric50
350
2E8
  0
DICTIONARY
  5
64
102
{ACAD_REACTORS
330
C
102
}
330
C
100
AcDbDictionary
281
     1
  3
Standard
350
65
  0
DICTIONARY
  5
29
102
{ACAD_REACTORS
330
C
102
}
330
C
100
AcDbDictionary
281
     1
  3
2dWireframe
350
2F
  3
Basic
350
2E
  3
Brighten
350
35
  3
ColorChange
350
39
  3
Conceptual
350
32
  3
Dim
350
34
  3
EdgeColorOff
350
41
  3
Facepattern
350
38
  3
Flat
350
2A
  3
FlatWithEdges
350
2B
  3
Gouraud
350
2C
  3
GouraudWithEdges
350
2D
  3
Hidden
350
31
  3
JitterOff
350
3F
  3
Linepattern
350
37
  3
OverhangOff
350
40
  3
Realistic
350
33
  3
Shaded
350
3E
  3
Shaded with edges
350
3D
  3
Shades of Gray
350
3A
  3
Sketchy
350
3B
  3
Thicken
350
36
  3
Wireframe
350
30
  3
X-Ray
350
3C
  0
XRECORD
  5
303
102
{ACAD_REACTORS
330
C
102
}
330
C
100
AcDbXrecord
280
     1
 90
        1
330
65
330
289
  0
DICTIONARY
  5
2E0
102
{ACAD_REACTORS
330
C
102
}
330
C
100
AcDbDictionary
281
     1
  3
ANNOALLVISIBLE
350
2E5
  3
CANNOSCALE
350
2E6
  3
CMLEADERSTYLE
350
2E2
  3
CTABLESTYLE
350
2E1
  3
CVIEWDETAILSTYLE
350
2E3
  3
CVIEWSECTIONSTYLE
350
2E4
  0
SORTENTSTABLE
  5
2D2
102
{ACAD_REACTORS
330
2D1
102
}
330
2D1
100
AcDbSortentsTable
330
70
331
AA
  5
281
331
27F
  5
286
331
280
  5
289
331
281
  5
29B
331
286
  5
280
331
289
  5
AA
331
29B
  5
27F
  0
SORTENTSTABLE
  5
2D0
102
{ACAD_REACTORS
330
AC
102
}
330
AC
100
AcDbSortentsTable
330
AB
331
B0
  5
B2
331
B2
  5
B3
331
B3
  5
B4
331
B4
  5
B5
331
B5
  5
B6
331
B6
  5
B7
331
B7
  5
B8
331
B8
  5
B9
331
B9
  5
BA
331
BA
  5
BB
331
BB
  5
BD
331
BD
  5
BE
331
BE
  5
BF
331
BF
  5
C0
331
C0
  5
C1
331
C1
  5
C2
331
C2
  5
C3
331
C3
  5
C4
331
C4
  5
C5
331
C5
  5
C7
331
C6
  5
C8
331
C7
  5
C9
331
C8
  5
CA
331
C9
  5
CB
331
CA
  5
CC
331
CB
  5
CD
331
CC
  5
CE
331
CD
  5
CF
331
CE
  5
D0
331
CF
  5
D1
331
D0
  5
D2
331
D1
  5
D3
331
D2
  5
D4
331
D3
  5
D5
331
D4
  5
D6
331
D5
  5
D7
331
D6
  5
D8
331
D7
  5
D9
331
D8
  5
DA
331
D9
  5
DB
331
DA
  5
DC
331
DB
  5
DD
331
DC
  5
DE
331
DD
  5
DF
331
DE
  5
E0
331
DF
  5
E1
331
E0
  5
E2
331
E1
  5
E3
331
E2
  5
E4
331
E3
  5
E5
331
E4
  5
E6
331
E5
  5
E7
331
E6
  5
E8
331
E7
  5
E9
331
E8
  5
EA
331
E9
  5
EB
331
EA
  5
EC
331
EB
  5
ED
331
EC
  5
EE
331
ED
  5
EF
331
EE
  5
F0
331
EF
  5
F1
331
F0
  5
F2
331
F1
  5
F3
331
F2
  5
F4
331
F3
  5
F5
331
F4
  5
F6
331
F5
  5
F7
331
F6
  5
F8
331
F7
  5
F9
331
F8
  5
FA
331
F9
  5
FB
331
FA
  5
FC
331
FB
  5
FD
331
FC
  5
FE
331
FD
  5
FF
331
FE
  5
100
331
FF
  5
101
331
100
  5
102
331
101
  5
103
331
102
  5
104
331
103
  5
105
331
104
  5
106
331
105
  5
107
331
106
  5
108
331
107
  5
109
331
108
  5
10A
331
109
  5
10B
331
10A
  5
10C
331
10B
  5
10D
331
10C
  5
10E
331
10D
  5
10F
331
10E
  5
110
331
10F
  5
111
331
110
  5
112
331
111
  5
113
331
112
  5
114
331
113
  5
115
331
114
  5
116
331
115
  5
117
331
116
  5
118
331
117
  5
119
331
118
  5
11A
331
119
  5
11B
331
11A
  5
11C
331
11B
  5
11D
331
11C
  5
11E
331
11D
  5
11F
331
11E
  5
120
331
11F
  5
121
331
120
  5
122
331
121
  5
123
331
122
  5
124
331
123
  5
125
331
124
  5
126
331
125
  5
127
331
126
  5
128
331
127
  5
129
331
128
  5
12A
331
129
  5
12B
331
12A
  5
12C
331
12B
  5
12D
331
12C
  5
12E
331
12D
  5
12F
331
12E
  5
130
331
12F
  5
131
331
130
  5
132
331
131
  5
133
331
132
  5
134
331
133
  5
135
331
134
  5
136
331
135
  5
137
331
136
  5
138
331
137
  5
139
331
138
  5
13A
331
139
  5
13B
331
13A
  5
13C
331
13B
  5
13D
331
13C
  5
13E
331
13D
  5
13F
331
13E
  5
140
331
13F
  5
141
331
140
  5
142
331
141
  5
143
331
142
  5
144
331
143
  5
145
331
144
  5
146
331
145
  5
147
331
146
  5
148
331
147
  5
159
331
148
  5
149
331
149
  5
14A
331
14A
  5
14B
331
14B
  5
15A
331
14C
  5
15B
331
14D
  5
15C
331
14E
  5
15D
331
14F
  5
15E
331
150
  5
15F
331
151
  5
160
331
152
  5
161
331
153
  5
162
331
154
  5
163
331
155
  5
164
331
156
  5
14C
331
157
  5
14E
331
158
  5
14F
331
159
  5
166
331
15A
  5
165
331
15B
  5
167
331
15C
  5
168
331
15D
  5
169
331
15E
  5
16A
331
15F
  5
16B
331
160
  5
156
331
161
  5
157
331
162
  5
158
331
163
  5
16C
331
164
  5
16D
331
165
  5
16E
331
166
  5
16F
331
167
  5
170
331
168
  5
171
331
169
  5
173
331
16A
  5
174
331
16B
  5
175
331
16C
  5
176
331
16D
  5
177
331
16E
  5
178
331
16F
  5
179
331
170
  5
17A
331
171
  5
17B
331
172
  5
17C
331
173
  5
17D
331
174
  5
17E
331
175
  5
17F
331
176
  5
180
331
177
  5
181
331
178
  5
182
331
179
  5
183
331
17A
  5
184
331
17B
  5
185
331
17C
  5
186
331
17D
  5
187
331
17E
  5
188
331
17F
  5
189
331
180
  5
18A
331
181
  5
18B
331
182
  5
18C
331
183
  5
18D
331
184
  5
18E
331
185
  5
18F
331
186
  5
190
331
187
  5
191
331
188
  5
192
331
189
  5
193
331
18A
  5
194
331
18B
  5
195
331
18C
  5
196
331
18D
  5
197
331
18E
  5
198
331
18F
  5
199
331
190
  5
19A
331
191
  5
19B
331
192
  5
19C
331
193
  5
19D
331
194
  5
19E
331
195
  5
19F
331
196
  5
1A0
331
197
  5
1A1
331
198
  5
1A2
331
199
  5
1A3
331
19A
  5
1A4
331
19B
  5
1A5
331
19C
  5
1A6
331
19D
  5
1A7
331
19E
  5
1A8
331
19F
  5
1A9
331
1A0
  5
1AA
331
1A1
  5
1AB
331
1A2
  5
1AC
331
1A3
  5
1AD
331
1A4
  5
1AE
331
1A5
  5
1AF
331
1A6
  5
1B0
331
1A7
  5
1B1
331
1A8
  5
1B2
331
1A9
  5
1B3
331
1AA
  5
1B4
331
1AB
  5
1B5
331
1AC
  5
1B6
331
1AD
  5
1B7
331
1AE
  5
1B8
331
1AF
  5
1B9
331
1B0
  5
1BA
331
1B1
  5
1BB
331
1B2
  5
1BC
331
1B3
  5
1BD
331
1B4
  5
1BE
331
1B5
  5
1BF
331
1B6
  5
1C0
331
1B7
  5
1C1
331
1B8
  5
1C2
331
1B9
  5
1C3
331
1BA
  5
1C4
331
1BB
  5
1C5
331
1BC
  5
1C6
331
1BD
  5
1C7
331
1BE
  5
1C8
331
1BF
  5
1C9
331
1C0
  5
1CA
331
1C1
  5
1CB
331
1C2
  5
1CC
331
1C3
  5
1CD
331
1C4
  5
1CE
331
1C5
  5
1CF
331
1C6
  5
1D0
331
1C7
  5
1D1
331
1C8
  5
1D2
331
1C9
  5
1D3
331
1CA
  5
1D4
331
1CB
  5
1D5
331
1CC
  5
1D6
331
1CD
  5
1D7
331
1CE
  5
1D8
331
1CF
  5
1D9
331
1D0
  5
1DA
331
1D1
  5
1DB
331
1D2
  5
1DC
331
1D3
  5
1DD
331
1D4
  5
1DE
331
1D5
  5
1DF
331
1D6
  5
1E0
331
1D7
  5
1E1
331
1D8
  5
1E2
331
1D9
  5
1E3
331
1DA
  5
1E4
331
1DB
  5
1E5
331
1DC
  5
1E6
331
1DD
  5
1E7
331
1DE
  5
1E8
331
1DF
  5
1E9
331
1E0
  5
1EA
331
1E1
  5
1EB
331
1E2
  5
1EC
331
1E3
  5
1ED
331
1E4
  5
1EE
331
1E5
  5
1EF
331
1E6
  5
1F0
331
1E7
  5
1F1
331
1E8
  5
1F2
331
1E9
  5
1F3
331
1EA
  5
1F4
331
1EB
  5
1F5
331
1EC
  5
1F6
331
1ED
  5
1FF
331
1EE
  5
201
331
1EF
  5
202
331
1F0
  5
203
331
1F1
  5
204
331
1F2
  5
205
331
1F3
  5
206
331
1F4
  5
207
331
1F5
  5
208
331
1F6
  5
209
331
1FF
  5
20A
331
201
  5
20B
331
202
  5
20C
331
203
  5
20D
331
204
  5
20E
331
205
  5
20F
331
206
  5
211
331
207
  5
212
331
208
  5
213
331
209
  5
214
331
20A
  5
215
331
20B
  5
218
331
20C
  5
219
331
20D
  5
21A
331
20E
  5
21B
331
20F
  5
21C
331
210
  5
21D
331
211
  5
21E
331
212
  5
21F
331
213
  5
220
331
214
  5
221
331
215
  5
210
331
218
  5
222
331
219
  5
B0
331
21A
  5
223
331
21B
  5
224
331
21C
  5
150
331
21D
  5
151
331
21E
  5
152
331
21F
  5
153
331
220
  5
154
331
221
  5
155
331
222
  5
14D
331
223
  5
225
331
224
  5
226
331
225
  5
227
331
226
  5
228
331
227
  5
229
331
228
  5
22A
331
229
  5
22B
331
22A
  5
22C
331
22B
  5
22D
331
22C
  5
22E
331
22D
  5
22F
331
22E
  5
230
331
22F
  5
231
331
230
  5
232
331
231
  5
233
331
232
  5
234
331
233
  5
235
331
234
  5
236
331
235
  5
237
331
236
  5
239
331
237
  5
23A
331
238
  5
23C
331
239
  5
23D
331
23A
  5
238
331
23C
  5
23E
331
23D
  5
23F
331
23E
  5
240
331
23F
  5
241
331
240
  5
242
331
241
  5
243
331
242
  5
244
331
243
  5
245
331
244
  5
246
331
245
  5
247
331
246
  5
248
331
247
  5
249
331
248
  5
24A
331
249
  5
24B
331
24A
  5
24C
331
24B
  5
24D
331
24C
  5
24E
331
24D
  5
24F
331
24E
  5
250
331
24F
  5
251
331
250
  5
252
331
251
  5
253
331
252
  5
254
331
253
  5
255
331
254
  5
256
331
255
  5
257
331
256
  5
258
331
257
  5
259
331
258
  5
25A
331
259
  5
25C
331
25A
  5
172
331
25C
  5
25D
331
25D
  5
25E
331
25E
  5
25F
331
25F
  5
260
331
260
  5
261
331
261
  5
262
331
262
  5
263
331
263
  5
264
331
264
  5
C6
  0
XRECORD
  5
2FC
102
{ACAD_REACTORS
330
2FB
102
}
330
2FB
100
AcDbXrecord
280
     1
 90
        1
340
43
  0
XRECORD
  5
300
102
{ACAD_REACTORS
330
2FF
102
}
330
2FF
100
AcDbXrecord
280
     1
 90
        1
340
43
  0
ACDBDETAILVIEWSTYLE
  5
6B
102
{ACAD_REACTORS
330
6A
102
}
330
6A
100
AcDbModelDocViewStyle
 70
     0
  3
Imperial24
290
     1
300
Imperial24
 90
        0
100
AcDbDetailViewStyle
 70
     0
 71
     0
 90
        3
 71
     1
340
55
 62
   256
 40
0.24
340
0
 62
   256
 40
0.24
300

 40
0.36
280
     3
 71
     2
340
5D
 90
       25
 62
   256
 71
     3
340
55
 62
   256
 40
0.24
 90
        1
 40
0.75
 90
        1
300
%<\AcVar ViewType \f "%tc1">% %<\AcVar ViewDetailId>%\PSCALE %<\AcVar ViewScale \f "%sn">%
 71
     4
340
5D
 90
       25
 62
   256
340
5D
 90
       25
 62
   256
280
     0
  0
ACDBDETAILVIEWSTYLE
  5
2E9
102
{ACAD_REACTORS
330
6A
102
}
330
6A
100
AcDbModelDocViewStyle
 70
     0
  3
Metric50
290
     1
300
Metric50
 90
        0
100
AcDbDetailViewStyle
 70
     0
 71
     0
 90
        3
 71
     1
340
55
 62
   256
 40
5.0
340
0
 62
   256
 40
5.0
300

 40
0.0
280
     1
 71
     2
340
5D
 90
       25
 62
   256
 71
     3
340
55
 62
   256
 40
5.0
 90
        0
 40
15.0
 90
        1
300
%<\AcVar ViewDetailId>% (%<\AcVar ViewScale \f "%sn">%)
 71
     4
340
5D
 90
       25
 62
   256
340
5D
 90
       25
 62
   256
280
     0
  0
IMAGEDEF
  5
287
102
{ACAD_REACTORS
330
283
330
288
102
}
330
283
100
AcDbRasterImageDef
 90
        0
  1
.\BLAASPUT.png
 10
655.0
 20
820.0
 11
0.2116850127011008
 21
0.2116850127011008
280
     1
281
     2
  0
IMAGEDEF
  5
29C
102
{ACAD_REACTORS
330
283
330
29D
102
}
330
283
100
AcDbRasterImageDef
 90
        0
  1
..\..\..\Downloads\c72e2615-9012-4512-88b2-f3ff25a8e610.png
 10
374.0
 20
376.0
 11
0.2116850127011008
 21
0.2116850127011008
280
     1
281
     2
  0
IMAGEDEF
  5
282
102
{ACAD_REACTORS
330
283
330
284
102
}
330
283
100
AcDbRasterImageDef
 90
        0
  1
.\wyre-logo.png
 10
2810.0
 20
1172.0
 11
0.0846668360003387
 21
0.0846668360003387
280
     1
281
     2
  0
LAYOUT
  5
6F
102
{ACAD_REACTORS
330
62
102
}
330
62
100
AcDbPlotSettings
  1

  2
Microsoft Print to PDF
  4
psk:ISOA4
  6

 40
0.0
 41
0.0
 42
0.0
 43
0.0
 44
210.0
 45
297.0
 46
0.0
 47
0.0
 48
0.0
 49
0.0
140
0.0
141
0.0
142
1.0
143
1.0
 70
   688
 72
     1
 73
     1
 74
     5
  7

 75
    16
147
1.0
 76
     0
 77
     2
 78
   300
148
0.0
149
0.0
100
AcDbLayout
  1
Layout1
 70
     1
 71
     1
 10
0.0
 20
0.0
 11
297.0
 21
210.0
 12
0.0
 22
0.0
 32
0.0
 14
29.69999999999999
 24
21.0
 34
0.0
 15
267.3
 25
189.0
 35
0.0
146
0.0
 13
0.0
 23
0.0
 33
0.0
 16
1.0
 26
0.0
 36
0.0
 17
0.0
 27
1.0
 37
0.0
 76
     0
330
6C
331
2FA
1001
ACAD_PSEXT
1000
Microsoft Print to PDF
1000
Microsoft Print To PDF
1000
PORTPROMPT:
1000

1070
     0
  0
LAYOUT
  5
77
102
{ACAD_REACTORS
330
62
102
}
330
62
100
AcDbPlotSettings
  1

  2
Microsoft Print to PDF
  4

  6

 40
0.0
 41
0.0
 42
0.0
 43
0.0
 44
0.0
 45
0.0
 46
0.0
 47
0.0
 48
0.0
 49
0.0
140
0.0
141
0.0
142
1.0
143
1.0
 70
   688
 72
     0
 73
     0
 74
     5
  7

 75
    16
147
1.0
 76
     0
 77
     2
 78
   300
148
0.0
149
0.0
100
AcDbLayout
  1
Layout2
 70
     1
 71
     2
 10
0.0
 20
0.0
 11
12.0
 21
9.0
 12
0.0
 22
0.0
 32
0.0
 14
0.0
 24
0.0
 34
0.0
 15
0.0
 25
0.0
 35
0.0
146
0.0
 13
0.0
 23
0.0
 33
0.0
 16
1.0
 26
0.0
 36
0.0
 17
0.0
 27
1.0
 37
0.0
 76
     0
330
74
  0
LAYOUT
  5
73
102
{ACAD_REACTORS
330
62
102
}
330
62
100
AcDbPlotSettings
  1

  2
Microsoft Print to PDF
  4
psk:ISOA4
  6

 40
0.0
 41
0.0
 42
0.0
 43
0.0
 44
210.0
 45
297.0
 46
0.0
 47
0.0
 48
0.0
 49
0.0
140
0.0
141
0.0
142
1.0
143
665.0980664229011
 70
 11952
 72
     1
 73
     1
 74
     0
  7

 75
     0
147
0.0015035376743437
 76
     0
 77
     2
 78
   300
148
195916.602851606
149
59398.95368160699
100
AcDbLayout
  1
Model
 70
     1
 71
     0
 10
0.0
 20
0.0
 11
12.0
 21
9.0
 12
0.0
 22
0.0
 32
0.0
 14
0.0
 24
0.0
 34
0.0
 15
0.0
 25
0.0
 35
0.0
146
0.0
 13
0.0
 23
0.0
 33
0.0
 16
1.0
 26
0.0
 36
0.0
 17
0.0
 27
1.0
 37
0.0
 76
     0
330
70
1001
ACAD_PSEXT
1000
Microsoft Print to PDF
1000
Microsoft Print To PDF
1000
PORTPROMPT:
1000

1070
     0
  0
MATERIAL
  5
19
102
{ACAD_XDICTIONARY
360
1A
102
}
102
{ACAD_REACTORS
330
10
102
}
330
10
100
AcDbMaterial
  1
ByBlock
 72
     0
 43
0.0208333333333333
 43
0.0
 43
0.0
 43
0.0
 43
0.0
 43
0.0208333333333333
 43
0.0
 43
0.0
 43
0.0
 43
0.0
 43
1.0
 43
0.0
 43
0.0
 43
0.0
 43
0.0
 43
1.0
 77
     0
 47
0.0208333333333333
 47
0.0
 47
0.0
 47
0.0
 47
0.0
 47
0.0208333333333333
 47
0.0
 47
0.0
 47
0.0
 47
0.0
 47
1.0
 47
0.0
 47
0.0
 47
0.0
 47
0.0
 47
1.0
171
     0
 49
0.0208333333333333
 49
0.0
 49
0.0
 49
0.0
 49
0.0
 49
0.0208333333333333
 49
0.0
 49
0.0
 49
0.0
 49
0.0
 49
1.0
 49
0.0
 49
0.0
 49
0.0
 49
0.0
 49
1.0
175
     0
142
0.0208333333333333
142
0.0
142
0.0
142
0.0
142
0.0
142
0.0208333333333333
142
0.0
142
0.0
142
0.0
142
0.0
142
1.0
142
0.0
142
0.0
142
0.0
142
0.0
142
1.0
179
     0
144
0.0208333333333333
144
0.0
144
0.0
144
0.0
144
0.0
144
0.0208333333333333
144
0.0
144
0.0
144
0.0
144
0.0
144
1.0
144
0.0
144
0.0
144
0.0
144
0.0
144
1.0
147
0.0208333333333333
147
0.0
147
0.0
147
0.0
147
0.0
147
0.0208333333333333
147
0.0
147
0.0
147
0.0
147
0.0
147
1.0
147
0.0
147
0.0
147
0.0
147
0.0
147
1.0
  0
MATERIAL
  5
11
102
{ACAD_XDICTIONARY
360
12
102
}
102
{ACAD_REACTORS
330
10
102
}
330
10
100
AcDbMaterial
  1
ByLayer
 72
     0
 43
0.0208333333333333
 43
0.0
 43
0.0
 43
0.0
 43
0.0
 43
0.0208333333333333
 43
0.0
 43
0.0
 43
0.0
 43
0.0
 43
1.0
 43
0.0
 43
0.0
 43
0.0
 43
0.0
 43
1.0
 77
     0
 47
0.0208333333333333
 47
0.0
 47
0.0
 47
0.0
 47
0.0
 47
0.0208333333333333
 47
0.0
 47
0.0
 47
0.0
 47
0.0
 47
1.0
 47
0.0
 47
0.0
 47
0.0
 47
0.0
 47
1.0
171
     0
 49
0.0208333333333333
 49
0.0
 49
0.0
 49
0.0
 49
0.0
 49
0.0208333333333333
 49
0.0
 49
0.0
 49
0.0
 49
0.0
 49
1.0
 49
0.0
 49
0.0
 49
0.0
 49
0.0
 49
1.0
175
     0
142
0.0208333333333333
142
0.0
142
0.0
142
0.0
142
0.0
142
0.0208333333333333
142
0.0
142
0.0
142
0.0
142
0.0
142
1.0
142
0.0
142
0.0
142
0.0
142
0.0
142
1.0
179
     0
144
0.0208333333333333
144
0.0
144
0.0
144
0.0
144
0.0
144
0.0208333333333333
144
0.0
144
0.0
144
0.0
144
0.0
144
1.0
144
0.0
144
0.0
144
0.0
144
0.0
144
1.0
147
0.0208333333333333
147
0.0
147
0.0
147
0.0
147
0.0
147
0.0208333333333333
147
0.0
147
0.0
147
0.0
147
0.0
147
1.0
147
0.0
147
0.0
147
0.0
147
0.0
147
1.0
  0
MATERIAL
  5
21
102
{ACAD_XDICTIONARY
360
22
102
}
102
{ACAD_REACTORS
330
10
102
}
330
10
100
AcDbMaterial
  1
Global
 72
     0
 43
0.0208333333333333
 43
0.0
 43
0.0
 43
0.0
 43
0.0
 43
0.0208333333333333
 43
0.0
 43
0.0
 43
0.0
 43
0.0
 43
1.0
 43
0.0
 43
0.0
 43
0.0
 43
0.0
 43
1.0
 77
     0
 47
0.0208333333333333
 47
0.0
 47
0.0
 47
0.0
 47
0.0
 47
0.0208333333333333
 47
0.0
 47
0.0
 47
0.0
 47
0.0
 47
1.0
 47
0.0
 47
0.0
 47
0.0
 47
0.0
 47
1.0
171
     0
 49
0.0208333333333333
 49
0.0
 49
0.0
 49
0.0
 49
0.0
 49
0.0208333333333333
 49
0.0
 49
0.0
 49
0.0
 49
0.0
 49
1.0
 49
0.0
 49
0.0
 49
0.0
 49
0.0
 49
1.0
175
     0
142
0.0208333333333333
142
0.0
142
0.0
142
0.0
142
0.0
142
0.0208333333333333
142
0.0
142
0.0
142
0.0
142
0.0
142
1.0
142
0.0
142
0.0
142
0.0
142
0.0
142
1.0
179
     0
144
0.0208333333333333
144
0.0
144
0.0
144
0.0
144
0.0
144
0.0208333333333333
144
0.0
144
0.0
144
0.0
144
0.0
144
1.0
144
0.0
144
0.0
144
0.0
144
0.0
144
1.0
147
0.0208333333333333
147
0.0
147
0.0
147
0.0
147
0.0
147
0.0208333333333333
147
0.0
147
0.0
147
0.0
147
0.0
147
1.0
147
0.0
147
0.0
147
0.0
147
0.0
147
1.0
  0
MLEADERSTYLE
  5
67
102
{ACAD_REACTORS
330
66
330
1F3
330
23F
330
247
330
248
330
24E
330
256
330
257
330
1F2
102
}
330
66
100
AcDbMLeaderStyle
179
     2
170
     2
171
     1
172
     0
 90
        2
 40
0.0
 41
0.0
173
     1
 91
-1056964608
340
5B
 92
       -2
290
     1
 42
2.0
291
     1
 43
8.0
  3
Standard
 44
4.0
300

342
55
174
     1
178
     1
175
     1
176
     0
 93
-1056964608
 45
4.0
292
     0
297
     0
 46
0.18
 94
-1056964608
 47
1.0
 49
1.0
140
1.0
293
     1
141
0.0
294
     1
177
     0
142
1.0
295
     0
296
     0
143
3.75
271
     0
272
     9
273
     9
298
     1
  0
MLINESTYLE
  5
60
102
{ACAD_REACTORS
330
5F
102
}
330
5F
100
AcDbMlineStyle
  2
STANDARD
 70
     0
  3

 62
   256
 51
90.0
 52
90.0
 71
     2
 49
0.5
 62
   256
  6
BYLAYER
 49
-0.5
 62
   256
  6
BYLAYER
  0
ACDBPLACEHOLDER
  5
83
102
{ACAD_REACTORS
330
E
102
}
330
E
  0
ACDBPLACEHOLDER
  5
F
102
{ACAD_REACTORS
330
E
102
}
330
E
  0
SCALE
  5
84
102
{ACAD_REACTORS
330
42
102
}
330
42
100
AcDbScale
 70
     0
300
2:1_XREF
140
2.0
141
1.0
290
     0
  0
SCALE
  5
95
102
{ACAD_REACTORS
330
42
102
}
330
42
100
AcDbScale
 70
     0
300
8:1
140
8.0
141
1.0
290
     0
  0
SCALE
  5
96
102
{ACAD_REACTORS
330
42
102
}
330
42
100
AcDbScale
 70
     0
300
10:1
140
10.0
141
1.0
290
     0
  0
SCALE
  5
85
102
{ACAD_REACTORS
330
42
102
}
330
42
100
AcDbScale
 70
     0
300
1:2
140
1.0
141
2.0
290
     0
  0
SCALE
  5
97
102
{ACAD_REACTORS
330
42
102
}
330
42
100
AcDbScale
 70
     0
300
100:1
140
100.0
141
1.0
290
     0
  0
SCALE
  5
98
102
{ACAD_REACTORS
330
42
102
}
330
42
100
AcDbScale
 70
     0
300
3/4" = 1'-0"_XREF
140
0.75
141
12.0
290
     0
  0
SCALE
  5
99
102
{ACAD_REACTORS
330
42
102
}
330
42
100
AcDbScale
 70
     0
300
1" = 1'-0"_XREF
140
1.0
141
12.0
290
     0
  0
SCALE
  5
9A
102
{ACAD_REACTORS
330
42
102
}
330
42
100
AcDbScale
 70
     0
300
1/64" = 1'-0"_XREF
140
0.015625
141
12.0
290
     0
  0
SCALE
  5
9B
102
{ACAD_REACTORS
330
42
102
}
330
42
100
AcDbScale
 70
     0
300
1-1/2" = 1'-0"_XREF
140
1.5
141
12.0
290
     0
  0
SCALE
  5
9C
102
{ACAD_REACTORS
330
42
102
}
330
42
100
AcDbScale
 70
     0
300
3" = 1'-0"_XREF
140
3.0
141
12.0
290
     0
  0
SCALE
  5
9D
102
{ACAD_REACTORS
330
42
102
}
330
42
100
AcDbScale
 70
     0
300
6" = 1'-0"_XREF
140
6.0
141
12.0
290
     0
  0
SCALE
  5
8D
102
{ACAD_REACTORS
330
42
102
}
330
42
100
AcDbScale
 70
     0
300
1:30
140
1.0
141
30.0
290
     0
  0
SCALE
  5
9E
102
{ACAD_REACTORS
330
42
102
}
330
42
100
AcDbScale
 70
     0
300
1'-0" = 1'-0"_XREF
140
12.0
141
12.0
290
     0
  0
SCALE
  5
9F
102
{ACAD_REACTORS
330
42
102
}
330
42
100
AcDbScale
 70
     0
300
1/32" = 1'-0"_XREF
140
0.03125
141
12.0
290
     0
  0
SCALE
  5
A0
102
{ACAD_REACTORS
330
42
102
}
330
42
100
AcDbScale
 70
     0
300
1/16" = 1'-0"_XREF
140
0.0625
141
12.0
290
     0
  0
SCALE
  5
86
102
{ACAD_REACTORS
330
42
102
}
330
42
100
AcDbScale
 70
     0
300
1:4
140
1.0
141
4.0
290
     0
  0
SCALE
  5
A1
102
{ACAD_REACTORS
330
42
102
}
330
42
100
AcDbScale
 70
     0
300
3/32" = 1'-0"_XREF
140
0.09375
141
12.0
290
     0
  0
SCALE
  5
A2
102
{ACAD_REACTORS
330
42
102
}
330
42
100
AcDbScale
 70
     0
300
1/8" = 1'-0"_XREF
140
0.125
141
12.0
290
     0
  0
SCALE
  5
A3
102
{ACAD_REACTORS
330
42
102
}
330
42
100
AcDbScale
 70
     0
300
3/16" = 1'-0"_XREF
140
0.1875
141
12.0
290
     0
  0
SCALE
  5
A4
102
{ACAD_REACTORS
330
42
102
}
330
42
100
AcDbScale
 70
     0
300
1/4" = 1'-0"_XREF
140
0.25
141
12.0
290
     0
  0
SCALE
  5
87
102
{ACAD_REACTORS
330
42
102
}
330
42
100
AcDbScale
 70
     0
300
3/8" = 1'-0"_XREF
140
0.375
141
12.0
290
     0
  0
SCALE
  5
88
102
{ACAD_REACTORS
330
42
102
}
330
42
100
AcDbScale
 70
     0
300
1:5
140
1.0
141
5.0
290
     0
  0
SCALE
  5
8E
102
{ACAD_REACTORS
330
42
102
}
330
42
100
AcDbScale
 70
     0
300
1:40
140
1.0
141
40.0
290
     0
  0
SCALE
  5
89
102
{ACAD_REACTORS
330
42
102
}
330
42
100
AcDbScale
 70
     0
300
1:8
140
1.0
141
8.0
290
     0
  0
SCALE
  5
8A
102
{ACAD_REACTORS
330
42
102
}
330
42
100
AcDbScale
 70
     0
300
1:10
140
1.0
141
10.0
290
     0
  0
SCALE
  5
8B
102
{ACAD_REACTORS
330
42
102
}
330
42
100
AcDbScale
 70
     0
300
1:16
140
1.0
141
16.0
290
     0
  0
SCALE
  5
8C
102
{ACAD_REACTORS
330
42
102
}
330
42
100
AcDbScale
 70
     0
300
1:20
140
1.0
141
20.0
290
     0
  0
SCALE
  5
8F
102
{ACAD_REACTORS
330
42
102
}
330
42
100
AcDbScale
 70
     0
300
1/128" = 1'-0"_XREF
140
0.0078125
141
12.0
290
     0
  0
SCALE
  5
90
102
{ACAD_REACTORS
330
42
102
}
330
42
100
AcDbScale
 70
     0
300
1:50
140
1.0
141
50.0
290
     0
  0
SCALE
  5
91
102
{ACAD_REACTORS
330
42
102
}
330
42
100
AcDbScale
 70
     0
300
1:100
140
1.0
141
100.0
290
     0
  0
SCALE
  5
92
102
{ACAD_REACTORS
330
42
102
}
330
42
100
AcDbScale
 70
     0
300
2:1
140
2.0
141
1.0
290
     0
  0
SCALE
  5
93
102
{ACAD_REACTORS
330
42
102
}
330
42
100
AcDbScale
 70
     0
300
1/2" = 1'-0"_XREF
140
0.5
141
12.0
290
     0
  0
SCALE
  5
94
102
{ACAD_REACTORS
330
42
102
}
330
42
100
AcDbScale
 70
     0
300
4:1
140
4.0
141
1.0
290
     0
  0
SCALE
  5
43
102
{ACAD_REACTORS
330
42
102
}
330
42
100
AcDbScale
 70
     0
300
1:1
140
1.0
141
1.0
290
     1
  0
SCALE
  5
44
102
{ACAD_REACTORS
330
42
102
}
330
42
100
AcDbScale
 70
     0
300
1/128" = 1'-0"
140
0.0078125
141
12.0
290
     0
  0
SCALE
  5
45
102
{ACAD_REACTORS
330
42
102
}
330
42
100
AcDbScale
 70
     0
300
1/64" = 1'-0"
140
0.015625
141
12.0
290
     0
  0
SCALE
  5
46
102
{ACAD_REACTORS
330
42
102
}
330
42
100
AcDbScale
 70
     0
300
1/32" = 1'-0"
140
0.03125
141
12.0
290
     0
  0
SCALE
  5
47
102
{ACAD_REACTORS
330
42
102
}
330
42
100
AcDbScale
 70
     0
300
1/16" = 1'-0"
140
0.0625
141
12.0
290
     0
  0
SCALE
  5
48
102
{ACAD_REACTORS
330
42
102
}
330
42
100
AcDbScale
 70
     0
300
3/32" = 1'-0"
140
0.09375
141
12.0
290
     0
  0
SCALE
  5
49
102
{ACAD_REACTORS
330
42
102
}
330
42
100
AcDbScale
 70
     0
300
1/8" = 1'-0"
140
0.125
141
12.0
290
     0
  0
SCALE
  5
4A
102
{ACAD_REACTORS
330
42
102
}
330
42
100
AcDbScale
 70
     0
300
3/16" = 1'-0"
140
0.1875
141
12.0
290
     0
  0
SCALE
  5
4B
102
{ACAD_REACTORS
330
42
102
}
330
42
100
AcDbScale
 70
     0
300
1/4" = 1'-0"
140
0.25
141
12.0
290
     0
  0
SCALE
  5
4C
102
{ACAD_REACTORS
330
42
102
}
330
42
100
AcDbScale
 70
     0
300
3/8" = 1'-0"
140
0.375
141
12.0
290
     0
  0
SCALE
  5
4D
102
{ACAD_REACTORS
330
42
102
}
330
42
100
AcDbScale
 70
     0
300
1/2" = 1'-0"
140
0.5
141
12.0
290
     0
  0
SCALE
  5
4E
102
{ACAD_REACTORS
330
42
102
}
330
42
100
AcDbScale
 70
     0
300
3/4" = 1'-0"
140
0.75
141
12.0
290
     0
  0
SCALE
  5
4F
102
{ACAD_REACTORS
330
42
102
}
330
42
100
AcDbScale
 70
     0
300
1" = 1'-0"
140
1.0
141
12.0
290
     0
  0
SCALE
  5
50
102
{ACAD_REACTORS
330
42
102
}
330
42
100
AcDbScale
 70
     0
300
1-1/2" = 1'-0"
140
1.5
141
12.0
290
     0
  0
SCALE
  5
51
102
{ACAD_REACTORS
330
42
102
}
330
42
100
AcDbScale
 70
     0
300
3" = 1'-0"
140
3.0
141
12.0
290
     0
  0
SCALE
  5
52
102
{ACAD_REACTORS
330
42
102
}
330
42
100
AcDbScale
 70
     0
300
6" = 1'-0"
140
6.0
141
12.0
290
     0
  0
SCALE
  5
53
102
{ACAD_REACTORS
330
42
102
}
330
42
100
AcDbScale
 70
     0
300
1'-0" = 1'-0"
140
12.0
141
12.0
290
     0
  0
ACDBSECTIONVIEWSTYLE
  5
69
102
{ACAD_REACTORS
330
68
102
}
330
68
100
AcDbModelDocViewStyle
 70
     0
  3
Imperial24
290
     1
300
Imperial24
 90
        0
100
AcDbSectionViewStyle
 70
     0
 71
     0
 90
       78
 71
     1
340
55
 62
   256
 40
0.24
340
0
340
0
 62
   256
 40
0.24
300
I, O, Q, S, X, Z
 40
0.48
 90
        3
 40
0.18
 90
        1
 71
     2
340
5D
 90
       25
 62
   256
340
5D
 90
       50
 62
   256
 40
0.24
 40
0.0
 40
0.24
 71
     3
340
55
 62
   256
 40
0.24
 90
        1
 40
0.75
 90
        1
300
%<\AcVar ViewType \f "%tc1">% %<\AcVar ViewSectionStartId>%-%<\AcVar ViewSectionEndId>%\PSCALE %<\AcVar ViewScale \f "%sn">%
 71
     4
 62
   256
 62
   257
300
ANSI31
 40
1.0
 90
        0
290
     0
290
     0
 90
        6
 40
0.0
 40
1.570796326794896
 40
0.2617993877991494
 40
1.308996938995747
 40
-0.2617993877991494
 40
1.832595714594046
  0
ACDBSECTIONVIEWSTYLE
  5
2E8
102
{ACAD_REACTORS
330
68
102
}
330
68
100
AcDbModelDocViewStyle
 70
     0
  3
Metric50
290
     1
300
Metric50
 90
        0
100
AcDbSectionViewStyle
 70
     0
 71
     0
 90
      102
 71
     1
340
55
 62
   256
 40
5.0
340
0
340
0
 62
   256
 40
5.0
300
I, O, Q, S, X, Z
 40
10.0
 90
        0
 40
2.5
 90
        0
 71
     2
340
5D
 90
       25
 62
   256
340
5D
 90
       50
 62
   256
 40
5.0
 40
2.5
 40
5.0
 71
     3
340
55
 62
   256
 40
5.0
 90
        0
 40
15.0
 90
        1
300
%<\AcVar ViewSectionStartId>%-%<\AcVar ViewSectionEndId>% (%<\AcVar ViewScale \f "%sn">%)
 71
     4
 62
   256
 62
   257
300
ANSI31
 40
1.0
 90
        0
290
     0
290
     0
 90
        6
 40
0.0
 40
1.570796326794896
 40
0.2617993877991494
 40
1.308996938995747
 40
-0.2617993877991494
 40
1.832595714594046
  0
TABLESTYLE
  5
65
102
{ACAD_XDICTIONARY
360
301
102
}
102
{ACAD_REACTORS
330
64
102
}
330
64
100
AcDbTableStyle
280
     0
  3
Standard
 70
     0
 71
     3
 40
1.5
 41
1.5
280
     0
281
     0
  7
Standard
140
4.5
170
     2
 62
     0
 63
     7
283
     0
 90
      512
 91
        0
  1
絊㌘翺
274
    -2
284
     1
 64
     0
275
    -2
285
     1
 65
     0
276
    -2
286
     1
 66
     0
277
    -2
287
     1
 67
     0
278
    -2
288
     1
 68
     0
279
    -2
289
     1
 69
     0
  7
Standard
140
6.0
170
     5
 62
     0
 63
     7
283
     0
 90
      512
 91
        0
  1
絊㌘翺
274
    -2
284
     1
 64
     0
275
    -2
285
     1
 65
     0
276
    -2
286
     1
 66
     0
277
    -2
287
     1
 67
     0
278
    -2
288
     1
 68
     0
279
    -2
289
     1
 69
     0
  7
Standard
140
4.5
170
     5
 62
     0
 63
     7
283
     0
 90
      512
 91
        0
  1
絊㌘翺
274
    -2
284
     1
 64
     0
275
    -2
285
     1
 65
     0
276
    -2
286
     1
 66
     0
277
    -2
287
     1
 67
     0
278
    -2
288
     1
 68
     0
279
    -2
289
     1
 69
     0
  0
VISUALSTYLE
  5
2F
102
{ACAD_REACTORS
330
29
102
}
330
29
100
AcDbVisualStyle
  2
2dWireframe
 70
     4
177
     3
291
     0
 70
    58
 90
        0
176
     1
 90
        2
176
     1
 90
        0
176
     1
 90
        0
176
     1
 40
0.6
176
     1
 40
30.0
176
     1
 62
     7
420
 16777215
176
     1
 90
        1
176
     1
 90
        4
176
     1
 62
     7
176
     1
 62
   257
176
     1
 90
        1
176
     1
 90
        1
176
     1
 40
1.0
176
     1
 90
        0
176
     1
 62
   257
176
     1
 40
1.0
176
     1
 90
        1
176
     1
 90
        6
176
     1
 90
        2
176
     1
 62
     7
176
     1
 90
        5
176
     1
 90
        0
176
     1
 90
        0
176
     1
290
     0
176
     1
 90
        1
176
     1
 40
0.0
176
     1
 90
        0
176
     1
290
     1
176
     1
290
     1
176
     1
290
     0
176
     1
290
     0
176
     1
290
     0
176
     1
290
     0
176
     1
290
     0
176
     1
290
     0
176
     1
290
     0
176
     1
 90
       50
176
     1
 40
0.0
176
     1
 40
1.0
176
     1
 90
        0
176
     1
 62
    18
420
        0
176
     1
 90
       50
176
     1
 90
        3
176
     1
 62
     5
420
      255
176
     1
290
     0
176
     1
 90
       50
176
     1
 90
       50
176
     1
 90
       50
176
     1
290
     0
176
     1
 90
       50
176
     1
 62
   256
176
     0
 40
1.0
176
     0
 90
        2
176
     1
  1
strokes_ogs.tif
176
     1
290
     0
176
     1
 40
1.0
176
     1
 40
1.0
176
     1
  0
VISUALSTYLE
  5
2E
102
{ACAD_REACTORS
330
29
102
}
330
29
100
AcDbVisualStyle
  2
Basic
 70
     7
177
     3
291
     1
 70
    58
 90
        1
176
     1
 90
        0
176
     1
 90
        1
176
     1
 90
        0
176
     1
 40
0.6
176
     1
 40
30.0
176
     1
 62
     7
420
 16777215
176
     1
 90
        0
176
     1
 90
        4
176
     1
 62
     7
176
     1
 62
   257
176
     1
 90
        1
176
     1
 90
        1
176
     1
 40
1.0
176
     1
 90
        8
176
     1
 62
     7
176
     1
 40
1.0
176
     1
 90
        1
176
     1
 90
        6
176
     1
 90
        2
176
     1
 62
     7
176
     1
 90
        5
176
     1
 90
        0
176
     1
 90
        0
176
     1
290
     0
176
     1
 90
        1
176
     1
 40
0.0
176
     1
 90
        0
176
     1
290
     0
176
     1
290
     1
176
     1
290
     1
176
     1
290
     0
176
     1
290
     0
176
     1
290
     0
176
     1
290
     0
176
     1
290
     0
176
     1
290
     0
176
     1
 90
       50
176
     1
 40
0.0
176
     1
 40
1.0
176
     1
 90
        0
176
     1
 62
    18
420
        0
176
     1
 90
       50
176
     1
 90
        3
176
     1
 62
     5
420
      255
176
     1
290
     0
176
     1
 90
       50
176
     1
 90
       50
176
     1
 90
       50
176
     1
290
     0
176
     1
 90
       50
176
     1
 62
   256
176
     0
 40
1.0
176
     0
 90
        2
176
     1
  1
strokes_ogs.tif
176
     1
290
     0
176
     1
 40
1.0
176
     1
 40
1.0
176
     1
  0
VISUALSTYLE
  5
35
102
{ACAD_REACTORS
330
29
102
}
330
29
100
AcDbVisualStyle
  2
Brighten
 70
    12
177
     3
291
     1
 70
    58
 90
        2
176
     1
 90
        2
176
     1
 90
        0
176
     1
 90
        0
176
     1
 40
0.6
176
     1
 40
30.0
176
     1
 62
     7
420
 16777215
176
     1
 90
        1
176
     1
 90
        4
176
     1
 62
     7
176
     1
 62
   257
176
     1
 90
        1
176
     1
 90
        1
176
     1
 40
1.0
176
     1
 90
        8
176
     1
 62
     7
176
     1
 40
1.0
176
     1
 90
        1
176
     1
 90
        6
176
     1
 90
        2
176
     1
 62
     7
176
     1
 90
        5
176
     1
 90
        0
176
     1
 90
        0
176
     1
290
     0
176
     1
 90
        1
176
     1
 40
50.0
176
     1
 90
        0
176
     1
290
     0
176
     1
290
     1
176
     1
290
     1
176
     1
290
     0
176
     1
290
     0
176
     1
290
     0
176
     1
290
     0
176
     1
290
     0
176
     1
290
     0
176
     1
 90
       50
176
     1
 40
0.0
176
     1
 40
1.0
176
     1
 90
        0
176
     1
 62
    18
420
        0
176
     1
 90
       50
176
     1
 90
        3
176
     1
 62
     5
420
      255
176
     1
290
     0
176
     1
 90
       50
176
     1
 90
       50
176
     1
 90
       50
176
     1
290
     0
176
     1
 90
       50
176
     1
 62
   256
176
     0
 40
1.0
176
     0
 90
        2
176
     1
  1
strokes_ogs.tif
176
     1
290
     0
176
     1
 40
1.0
176
     1
 40
1.0
176
     1
  0
VISUALSTYLE
  5
39
102
{ACAD_REACTORS
330
29
102
}
330
29
100
AcDbVisualStyle
  2
ColorChange
 70
    16
177
     3
291
     1
 70
    58
 90
        2
176
     1
 90
        2
176
     1
 90
        3
176
     1
 90
        0
176
     1
 40
0.6
176
     1
 40
30.0
176
     1
 62
     8
420
  8421504
176
     1
 90
        1
176
     1
 90
        4
176
     1
 62
     7
176
     1
 62
   257
176
     1
 90
        1
176
     1
 90
        1
176
     1
 40
1.0
176
     1
 90
        8
176
     1
 62
     8
420
  8421504
176
     1
 40
1.0
176
     1
 90
        1
176
     1
 90
        6
176
     1
 90
        2
176
     1
 62
     7
176
     1
 90
        5
176
     1
 90
        0
176
     1
 90
        0
176
     1
290
     0
176
     1
 90
        1
176
     1
 40
0.0
176
     1
 90
        0
176
     1
290
     0
176
     1
290
     1
176
     1
290
     1
176
     1
290
     0
176
     1
290
     0
176
     1
290
     0
176
     1
290
     0
176
     1
290
     0
176
     1
290
     0
176
     1
 90
       50
176
     1
 40
0.0
176
     1
 40
1.0
176
     1
 90
        0
176
     1
 62
    18
420
        0
176
     1
 90
       50
176
     1
 90
        3
176
     1
 62
     5
420
      255
176
     1
290
     0
176
     1
 90
       50
176
     1
 90
       50
176
     1
 90
       50
176
     1
290
     0
176
     1
 90
       50
176
     1
 62
   256
176
     0
 40
1.0
176
     0
 90
        2
176
     1
  1
strokes_ogs.tif
176
     1
290
     0
176
     1
 40
1.0
176
     1
 40
1.0
176
     1
  0
VISUALSTYLE
  5
32
102
{ACAD_REACTORS
330
29
102
}
330
29
100
AcDbVisualStyle
  2
Conceptual
 70
     9
177
     3
291
     0
 70
    58
 90
        3
176
     1
 90
        2
176
     1
 90
        0
176
     1
 90
        0
176
     1
 40
0.6
176
     1
 40
30.0
176
     1
 62
     7
420
 16777215
176
     1
 90
        2
176
     1
 90
        2
176
     1
 62
     7
176
     1
 62
   257
176
     1
 90
        1
176
     1
 90
        1
176
     1
 40
179.0
176
     1
 90
        8
176
     1
 62
     7
176
     1
 40
1.0
176
     1
 90
        1
176
     1
 90
        6
176
     1
 90
        2
176
     1
 62
     7
176
     1
 90
        3
176
     1
 90
        0
176
     1
 90
        0
176
     1
290
     0
176
     1
 90
        1
176
     1
 40
0.0
176
     1
 90
        0
176
     1
290
     0
176
     1
290
     1
176
     1
290
     1
176
     1
290
     0
176
     1
290
     0
176
     1
290
     0
176
     1
290
     0
176
     1
290
     0
176
     1
290
     0
176
     1
 90
       50
176
     1
 40
0.0
176
     1
 40
1.0
176
     1
 90
        0
176
     1
 62
    18
420
        0
176
     1
 90
       50
176
     1
 90
        3
176
     1
 62
     5
420
      255
176
     1
290
     0
176
     1
 90
       50
176
     1
 90
       50
176
     1
 90
       50
176
     1
290
     0
176
     1
 90
       50
176
     1
 62
   256
176
     0
 40
1.0
176
     0
 90
        2
176
     1
  1
strokes_ogs.tif
176
     1
290
     0
176
     1
 40
1.0
176
     1
 40
1.0
176
     1
  0
VISUALSTYLE
  5
34
102
{ACAD_REACTORS
330
29
102
}
330
29
100
AcDbVisualStyle
  2
Dim
 70
    11
177
     3
291
     1
 70
    58
 90
        2
176
     1
 90
        2
176
     1
 90
        0
176
     1
 90
        0
176
     1
 40
0.6
176
     1
 40
30.0
176
     1
 62
     7
420
 16777215
176
     1
 90
        1
176
     1
 90
        4
176
     1
 62
     7
176
     1
 62
   257
176
     1
 90
        1
176
     1
 90
        1
176
     1
 40
1.0
176
     1
 90
        8
176
     1
 62
     7
176
     1
 40
1.0
176
     1
 90
        1
176
     1
 90
        6
176
     1
 90
        2
176
     1
 62
     7
176
     1
 90
        5
176
     1
 90
        0
176
     1
 90
        0
176
     1
290
     0
176
     1
 90
        1
176
     1
 40
-50.0
176
     1
 90
        0
176
     1
290
     0
176
     1
290
     1
176
     1
290
     1
176
     1
290
     0
176
     1
290
     0
176
     1
290
     0
176
     1
290
     0
176
     1
290
     0
176
     1
290
     0
176
     1
 90
       50
176
     1
 40
0.0
176
     1
 40
1.0
176
     1
 90
        0
176
     1
 62
    18
420
        0
176
     1
 90
       50
176
     1
 90
        3
176
     1
 62
     5
420
      255
176
     1
290
     0
176
     1
 90
       50
176
     1
 90
       50
176
     1
 90
       50
176
     1
290
     0
176
     1
 90
       50
176
     1
 62
   256
176
     0
 40
1.0
176
     0
 90
        2
176
     1
  1
strokes_ogs.tif
176
     1
290
     0
176
     1
 40
1.0
176
     1
 40
1.0
176
     1
  0
VISUALSTYLE
  5
41
102
{ACAD_REACTORS
330
29
102
}
330
29
100
AcDbVisualStyle
  2
EdgeColorOff
 70
    22
177
     3
291
     1
 70
    58
 90
        2
176
     0
 90
        2
176
     0
 90
        0
176
     0
 90
        0
176
     0
 40
0.6
176
     0
 40
30.0
176
     0
 62
     7
420
 16777215
176
     0
 90
        1
176
     0
 90
        4
176
     0
 62
     7
176
     0
 62
   257
176
     0
 90
        1
176
     0
 90
        1
176
     0
 40
1.0
176
     0
 90
        8
176
     2
 62
     7
176
     0
 40
1.0
176
     0
 90
        1
176
     0
 90
        6
176
     0
 90
        2
176
     0
 62
     7
176
     0
 90
        5
176
     0
 90
        0
176
     0
 90
        0
176
     0
290
     0
176
     0
 90
        1
176
     0
 40
0.0
176
     0
 90
        0
176
     0
290
     0
176
     0
290
     1
176
     0
290
     1
176
     0
290
     0
176
     0
290
     0
176
     0
290
     0
176
     0
290
     0
176
     0
290
     0
176
     0
290
     0
176
     0
 90
       50
176
     0
 40
0.0
176
     0
 40
1.0
176
     0
 90
        0
176
     0
 62
    18
420
        0
176
     0
 90
       50
176
     0
 90
        3
176
     0
 62
     5
420
      255
176
     0
290
     0
176
     0
 90
       50
176
     0
 90
       50
176
     0
 90
       50
176
     0
290
     0
176
     0
 90
       50
176
     0
 62
   256
176
     0
 40
1.0
176
     0
 90
        2
176
     0
  1
strokes_ogs.tif
176
     0
290
     0
176
     0
 40
1.0
176
     0
 40
1.0
176
     0
  0
VISUALSTYLE
  5
38
102
{ACAD_REACTORS
330
29
102
}
330
29
100
AcDbVisualStyle
  2
Facepattern
 70
    15
177
     3
291
     1
 70
    58
 90
        2
176
     1
 90
        2
176
     1
 90
        0
176
     1
 90
        0
176
     1
 40
0.6
176
     1
 40
30.0
176
     1
 62
     7
420
 16777215
176
     1
 90
        1
176
     1
 90
        4
176
     1
 62
     7
176
     1
 62
   257
176
     1
 90
        1
176
     1
 90
        1
176
     1
 40
1.0
176
     1
 90
        8
176
     1
 62
     7
176
     1
 40
1.0
176
     1
 90
        1
176
     1
 90
        6
176
     1
 90
        2
176
     1
 62
     7
176
     1
 90
        5
176
     1
 90
        0
176
     1
 90
        0
176
     1
290
     0
176
     1
 90
        1
176
     1
 40
0.0
176
     1
 90
        0
176
     1
290
     0
176
     1
290
     1
176
     1
290
     1
176
     1
290
     0
176
     1
290
     0
176
     1
290
     0
176
     1
290
     0
176
     1
290
     0
176
     1
290
     0
176
     1
 90
       50
176
     1
 40
0.0
176
     1
 40
1.0
176
     1
 90
        0
176
     1
 62
    18
420
        0
176
     1
 90
       50
176
     1
 90
        3
176
     1
 62
     5
420
      255
176
     1
290
     0
176
     1
 90
       50
176
     1
 90
       50
176
     1
 90
       50
176
     1
290
     0
176
     1
 90
       50
176
     1
 62
   256
176
     0
 40
1.0
176
     0
 90
        2
176
     1
  1
strokes_ogs.tif
176
     1
290
     0
176
     1
 40
1.0
176
     1
 40
1.0
176
     1
  0
VISUALSTYLE
  5
2A
102
{ACAD_REACTORS
330
29
102
}
330
29
100
AcDbVisualStyle
  2
Flat
 70
     0
177
     3
291
     1
 70
    58
 90
        2
176
     1
 90
        1
176
     1
 90
        1
176
     1
 90
        2
176
     1
 40
0.6
176
     1
 40
30.0
176
     1
 62
     7
420
 16777215
176
     1
 90
        0
176
     1
 90
        0
176
     1
 62
     7
176
     1
 62
   257
176
     1
 90
        1
176
     1
 90
        1
176
     1
 40
1.0
176
     1
 90
        8
176
     1
 62
     7
176
     1
 40
1.0
176
     1
 90
        1
176
     1
 90
        6
176
     1
 90
        2
176
     1
 62
     7
176
     1
 90
        5
176
     1
 90
        0
176
     1
 90
        0
176
     1
290
     0
176
     1
 90
       13
176
     1
 40
0.0
176
     1
 90
        0
176
     1
290
     0
176
     1
290
     1
176
     1
290
     1
176
     1
290
     0
176
     1
290
     0
176
     1
290
     0
176
     1
290
     0
176
     1
290
     0
176
     1
290
     0
176
     1
 90
       50
176
     1
 40
0.0
176
     1
 40
1.0
176
     1
 90
        0
176
     1
 62
    18
420
        0
176
     1
 90
       50
176
     1
 90
        3
176
     1
 62
     5
420
      255
176
     1
290
     0
176
     1
 90
       50
176
     1
 90
       50
176
     1
 90
       50
176
     1
290
     0
176
     1
 90
       50
176
     1
 62
   256
176
     0
 40
1.0
176
     0
 90
        2
176
     1
  1
strokes_ogs.tif
176
     1
290
     0
176
     1
 40
1.0
176
     1
 40
1.0
176
     1
  0
VISUALSTYLE
  5
2B
102
{ACAD_REACTORS
330
29
102
}
330
29
100
AcDbVisualStyle
  2
FlatWithEdges
 70
     1
177
     3
291
     1
 70
    58
 90
        2
176
     1
 90
        1
176
     1
 90
        1
176
     1
 90
        2
176
     1
 40
0.6
176
     1
 40
30.0
176
     1
 62
     7
420
 16777215
176
     1
 90
        1
176
     1
 90
        0
176
     1
 62
     7
176
     1
 62
   257
176
     1
 90
        1
176
     1
 90
        1
176
     1
 40
1.0
176
     1
 90
        0
176
     1
 62
   257
176
     1
 40
1.0
176
     1
 90
        1
176
     1
 90
        6
176
     1
 90
        2
176
     1
 62
     7
176
     1
 90
        5
176
     1
 90
        0
176
     1
 90
        0
176
     1
290
     0
176
     1
 90
       13
176
     1
 40
0.0
176
     1
 90
        0
176
     1
290
     0
176
     1
290
     1
176
     1
290
     1
176
     1
290
     0
176
     1
290
     0
176
     1
290
     0
176
     1
290
     0
176
     1
290
     0
176
     1
290
     0
176
     1
 90
       50
176
     1
 40
0.0
176
     1
 40
1.0
176
     1
 90
        0
176
     1
 62
    18
420
        0
176
     1
 90
       50
176
     1
 90
        3
176
     1
 62
     5
420
      255
176
     1
290
     0
176
     1
 90
       50
176
     1
 90
       50
176
     1
 90
       50
176
     1
290
     0
176
     1
 90
       50
176
     1
 62
   256
176
     0
 40
1.0
176
     0
 90
        2
176
     1
  1
strokes_ogs.tif
176
     1
290
     0
176
     1
 40
1.0
176
     1
 40
1.0
176
     1
  0
VISUALSTYLE
  5
2C
102
{ACAD_REACTORS
330
29
102
}
330
29
100
AcDbVisualStyle
  2
Gouraud
 70
     2
177
     3
291
     1
 70
    58
 90
        2
176
     1
 90
        2
176
     1
 90
        1
176
     1
 90
        2
176
     1
 40
0.6
176
     1
 40
30.0
176
     1
 62
     7
420
 16777215
176
     1
 90
        0
176
     1
 90
        0
176
     1
 62
     7
176
     1
 62
   257
176
     1
 90
        1
176
     1
 90
        1
176
     1
 40
1.0
176
     1
 90
        0
176
     1
 62
     7
176
     1
 40
1.0
176
     1
 90
        1
176
     1
 90
        6
176
     1
 90
        2
176
     1
 62
     7
176
     1
 90
        5
176
     1
 90
        0
176
     1
 90
        0
176
     1
290
     0
176
     1
 90
       13
176
     1
 40
0.0
176
     1
 90
        0
176
     1
290
     0
176
     1
290
     1
176
     1
290
     1
176
     1
290
     0
176
     1
290
     0
176
     1
290
     0
176
     1
290
     0
176
     1
290
     0
176
     1
290
     0
176
     1
 90
       50
176
     1
 40
0.0
176
     1
 40
1.0
176
     1
 90
        0
176
     1
 62
    18
420
        0
176
     1
 90
       50
176
     1
 90
        3
176
     1
 62
     5
420
      255
176
     1
290
     0
176
     1
 90
       50
176
     1
 90
       50
176
     1
 90
       50
176
     1
290
     0
176
     1
 90
       50
176
     1
 62
   256
176
     0
 40
1.0
176
     0
 90
        2
176
     1
  1
strokes_ogs.tif
176
     1
290
     0
176
     1
 40
1.0
176
     1
 40
1.0
176
     1
  0
VISUALSTYLE
  5
2D
102
{ACAD_REACTORS
330
29
102
}
330
29
100
AcDbVisualStyle
  2
GouraudWithEdges
 70
     3
177
     3
291
     1
 70
    58
 90
        2
176
     1
 90
        2
176
     1
 90
        1
176
     1
 90
        2
176
     1
 40
0.6
176
     1
 40
30.0
176
     1
 62
     7
420
 16777215
176
     1
 90
        1
176
     1
 90
        0
176
     1
 62
     7
176
     1
 62
   257
176
     1
 90
        1
176
     1
 90
        1
176
     1
 40
1.0
176
     1
 90
        0
176
     1
 62
   257
176
     1
 40
1.0
176
     1
 90
        1
176
     1
 90
        6
176
     1
 90
        2
176
     1
 62
     7
176
     1
 90
        5
176
     1
 90
        0
176
     1
 90
        0
176
     1
290
     0
176
     1
 90
       13
176
     1
 40
0.0
176
     1
 90
        0
176
     1
290
     0
176
     1
290
     1
176
     1
290
     1
176
     1
290
     0
176
     1
290
     0
176
     1
290
     0
176
     1
290
     0
176
     1
290
     0
176
     1
290
     0
176
     1
 90
       50
176
     1
 40
0.0
176
     1
 40
1.0
176
     1
 90
        0
176
     1
 62
    18
420
        0
176
     1
 90
       50
176
     1
 90
        3
176
     1
 62
     5
420
      255
176
     1
290
     0
176
     1
 90
       50
176
     1
 90
       50
176
     1
 90
       50
176
     1
290
     0
176
     1
 90
       50
176
     1
 62
   256
176
     0
 40
1.0
176
     0
 90
        2
176
     1
  1
strokes_ogs.tif
176
     1
290
     0
176
     1
 40
1.0
176
     1
 40
1.0
176
     1
  0
VISUALSTYLE
  5
31
102
{ACAD_REACTORS
330
29
102
}
330
29
100
AcDbVisualStyle
  2
Hidden
 70
     6
177
     3
291
     0
 70
    58
 90
        1
176
     1
 90
        2
176
     1
 90
        2
176
     1
 90
        0
176
     1
 40
0.6
176
     1
 40
30.0
176
     1
 62
     7
420
 16777215
176
     1
 90
        2
176
     1
 90
        2
176
     1
 62
     7
176
     1
 62
   257
176
     1
 90
        2
176
     1
 90
        1
176
     1
 40
40.0
176
     1
 90
        0
176
     1
 62
   257
176
     1
 40
1.0
176
     1
 90
        1
176
     1
 90
        6
176
     1
 90
        2
176
     1
 62
     7
176
     1
 90
        3
176
     1
 90
        0
176
     1
 90
        0
176
     1
290
     0
176
     1
 90
        1
176
     1
 40
0.0
176
     1
 90
        0
176
     1
290
     0
176
     1
290
     1
176
     1
290
     1
176
     1
290
     0
176
     1
290
     0
176
     1
290
     0
176
     1
290
     0
176
     1
290
     0
176
     1
290
     0
176
     1
 90
       50
176
     1
 40
0.0
176
     1
 40
1.0
176
     1
 90
        0
176
     1
 62
    18
420
        0
176
     1
 90
       50
176
     1
 90
        3
176
     1
 62
     5
420
      255
176
     1
290
     0
176
     1
 90
       50
176
     1
 90
       50
176
     1
 90
       50
176
     1
290
     0
176
     1
 90
       50
176
     1
 62
   256
176
     0
 40
1.0
176
     0
 90
        2
176
     1
  1
strokes_ogs.tif
176
     1
290
     0
176
     1
 40
1.0
176
     1
 40
1.0
176
     1
  0
VISUALSTYLE
  5
3F
102
{ACAD_REACTORS
330
29
102
}
330
29
100
AcDbVisualStyle
  2
JitterOff
 70
    20
177
     3
291
     1
 70
    58
 90
        2
176
     0
 90
        2
176
     0
 90
        0
176
     0
 90
        0
176
     0
 40
0.6
176
     0
 40
30.0
176
     0
 62
     7
420
 16777215
176
     0
 90
        1
176
     0
 90
        4
176
     0
 62
     7
176
     0
 62
   257
176
     0
 90
        1
176
     0
 90
        1
176
     0
 40
1.0
176
     0
 90
       10
176
     2
 62
     7
176
     0
 40
1.0
176
     0
 90
        1
176
     0
 90
        6
176
     0
 90
        2
176
     0
 62
     7
176
     0
 90
        5
176
     0
 90
        0
176
     0
 90
        0
176
     0
290
     0
176
     0
 90
        1
176
     0
 40
0.0
176
     0
 90
        0
176
     0
290
     0
176
     0
290
     1
176
     0
290
     1
176
     0
290
     0
176
     0
290
     0
176
     0
290
     0
176
     0
290
     0
176
     0
290
     0
176
     0
290
     0
176
     0
 90
       50
176
     0
 40
0.0
176
     0
 40
1.0
176
     0
 90
        0
176
     0
 62
    18
420
        0
176
     0
 90
       50
176
     0
 90
        3
176
     0
 62
     5
420
      255
176
     0
290
     0
176
     0
 90
       50
176
     0
 90
       50
176
     0
 90
       50
176
     0
290
     0
176
     0
 90
       50
176
     0
 62
   256
176
     0
 40
1.0
176
     0
 90
        2
176
     0
  1
strokes_ogs.tif
176
     0
290
     0
176
     0
 40
1.0
176
     0
 40
1.0
176
     0
  0
VISUALSTYLE
  5
37
102
{ACAD_REACTORS
330
29
102
}
330
29
100
AcDbVisualStyle
  2
Linepattern
 70
    14
177
     3
291
     1
 70
    58
 90
        2
176
     1
 90
        2
176
     1
 90
        0
176
     1
 90
        0
176
     1
 40
0.6
176
     1
 40
30.0
176
     1
 62
     7
420
 16777215
176
     1
 90
        1
176
     1
 90
        4
176
     1
 62
     7
176
     1
 62
   257
176
     1
 90
        7
176
     1
 90
        7
176
     1
 40
1.0
176
     1
 90
        8
176
     1
 62
     7
176
     1
 40
1.0
176
     1
 90
        1
176
     1
 90
        6
176
     1
 90
        2
176
     1
 62
     7
176
     1
 90
        5
176
     1
 90
        0
176
     1
 90
        0
176
     1
290
     0
176
     1
 90
        1
176
     1
 40
0.0
176
     1
 90
        0
176
     1
290
     0
176
     1
290
     1
176
     1
290
     1
176
     1
290
     0
176
     1
290
     0
176
     1
290
     0
176
     1
290
     0
176
     1
290
     0
176
     1
290
     0
176
     1
 90
       50
176
     1
 40
0.0
176
     1
 40
1.0
176
     1
 90
        0
176
     1
 62
    18
420
        0
176
     1
 90
       50
176
     1
 90
        3
176
     1
 62
     5
420
      255
176
     1
290
     0
176
     1
 90
       50
176
     1
 90
       50
176
     1
 90
       50
176
     1
290
     0
176
     1
 90
       50
176
     1
 62
   256
176
     0
 40
1.0
176
     0
 90
        2
176
     1
  1
strokes_ogs.tif
176
     1
290
     0
176
     1
 40
1.0
176
     1
 40
1.0
176
     1
  0
VISUALSTYLE
  5
40
102
{ACAD_REACTORS
330
29
102
}
330
29
100
AcDbVisualStyle
  2
OverhangOff
 70
    21
177
     3
291
     1
 70
    58
 90
        2
176
     0
 90
        2
176
     0
 90
        0
176
     0
 90
        0
176
     0
 40
0.6
176
     0
 40
30.0
176
     0
 62
     7
420
 16777215
176
     0
 90
        1
176
     0
 90
        4
176
     0
 62
     7
176
     0
 62
   257
176
     0
 90
        1
176
     0
 90
        1
176
     0
 40
1.0
176
     0
 90
        9
176
     2
 62
     7
176
     0
 40
1.0
176
     0
 90
        1
176
     0
 90
        6
176
     0
 90
        2
176
     0
 62
     7
176
     0
 90
        5
176
     0
 90
        0
176
     0
 90
        0
176
     0
290
     0
176
     0
 90
        1
176
     0
 40
0.0
176
     0
 90
        0
176
     0
290
     0
176
     0
290
     1
176
     0
290
     1
176
     0
290
     0
176
     0
290
     0
176
     0
290
     0
176
     0
290
     0
176
     0
290
     0
176
     0
290
     0
176
     0
 90
       50
176
     0
 40
0.0
176
     0
 40
1.0
176
     0
 90
        0
176
     0
 62
    18
420
        0
176
     0
 90
       50
176
     0
 90
        3
176
     0
 62
     5
420
      255
176
     0
290
     0
176
     0
 90
       50
176
     0
 90
       50
176
     0
 90
       50
176
     0
290
     0
176
     0
 90
       50
176
     0
 62
   256
176
     0
 40
1.0
176
     0
 90
        2
176
     0
  1
strokes_ogs.tif
176
     0
290
     0
176
     0
 40
1.0
176
     0
 40
1.0
176
     0
  0
VISUALSTYLE
  5
33
102
{ACAD_REACTORS
330
29
102
}
330
29
100
AcDbVisualStyle
  2
Realistic
 70
     8
177
     3
291
     0
 70
    58
 90
        2
176
     1
 90
        3
176
     1
 90
        0
176
     1
 90
        2
176
     1
 40
0.6
176
     1
 40
30.0
176
     1
 62
     7
420
 16777215
176
     1
 90
        0
176
     1
 90
        0
176
     1
 62
     7
176
     1
 62
   257
176
     1
 90
        1
176
     1
 90
        1
176
     1
 40
1.0
176
     1
 90
        8
176
     1
 62
   257
176
     1
 40
1.0
176
     1
 90
        1
176
     1
 90
        6
176
     1
 90
        2
176
     1
 62
     7
176
     1
 90
        3
176
     1
 90
        0
176
     1
 90
        0
176
     1
290
     0
176
     1
 90
       13
176
     1
 40
0.0
176
     1
 90
        0
176
     1
290
     0
176
     1
290
     1
176
     1
290
     1
176
     1
290
     0
176
     1
290
     0
176
     1
290
     0
176
     1
290
     0
176
     1
290
     0
176
     1
290
     0
176
     1
 90
       50
176
     1
 40
0.0
176
     1
 40
1.0
176
     1
 90
        0
176
     1
 62
    18
420
        0
176
     1
 90
       50
176
     1
 90
        3
176
     1
 62
     5
420
      255
176
     1
290
     0
176
     1
 90
       50
176
     1
 90
       50
176
     1
 90
       50
176
     1
290
     0
176
     1
 90
       50
176
     1
 62
   256
176
     0
 40
1.0
176
     0
 90
        2
176
     1
  1
strokes_ogs.tif
176
     1
290
     0
176
     1
 40
1.0
176
     1
 40
1.0
176
     1
  0
VISUALSTYLE
  5
3E
102
{ACAD_REACTORS
330
29
102
}
330
29
100
AcDbVisualStyle
  2
Shaded
 70
    27
177
     3
291
     0
 70
    58
 90
        2
176
     1
 90
        2
176
     1
 90
        1
176
     1
 90
        2
176
     1
 40
0.6
176
     1
 40
30.0
176
     1
 62
     7
420
 16777215
176
     1
 90
        0
176
     1
 90
        4
176
     1
 62
     7
176
     1
 62
   257
176
     1
 90
        1
176
     1
 90
        1
176
     1
 40
1.0
176
     1
 90
        8
176
     1
 62
   257
176
     1
 40
1.0
176
     1
 90
        1
176
     1
 90
        6
176
     1
 90
        2
176
     1
 62
     8
420
  7895160
176
     1
 90
        3
176
     1
 90
        0
176
     1
 90
        0
176
     1
290
     0
176
     1
 90
        5
176
     1
 40
0.0
176
     1
 90
        0
176
     1
290
     0
176
     1
290
     1
176
     1
290
     1
176
     1
290
     0
176
     1
290
     0
176
     1
290
     0
176
     1
290
     0
176
     1
290
     0
176
     1
290
     0
176
     1
 90
       50
176
     1
 40
0.0
176
     1
 40
1.0
176
     1
 90
        0
176
     1
 62
    18
420
        0
176
     1
 90
       50
176
     1
 90
        3
176
     1
 62
     5
420
      255
176
     1
290
     0
176
     1
 90
       50
176
     1
 90
       50
176
     1
 90
       50
176
     1
290
     0
176
     1
 90
       50
176
     1
 62
   256
176
     0
 40
1.0
176
     0
 90
        2
176
     1
  1
strokes_ogs.tif
176
     1
290
     0
176
     1
 40
1.0
176
     1
 40
1.0
176
     1
  0
VISUALSTYLE
  5
3D
102
{ACAD_REACTORS
330
29
102
}
330
29
100
AcDbVisualStyle
  2
Shaded with edges
 70
    26
177
     3
291
     0
 70
    58
 90
        2
176
     1
 90
        2
176
     1
 90
        1
176
     1
 90
        2
176
     1
 40
0.6
176
     1
 40
30.0
176
     1
 62
     7
420
 16777215
176
     1
 90
        1
176
     1
 90
        2
176
     1
 62
     7
176
     1
 62
   257
176
     1
 90
        2
176
     1
 90
        1
176
     1
 40
1.0
176
     1
 90
        8
176
     1
 62
   257
176
     1
 40
1.0
176
     1
 90
        1
176
     1
 90
        6
176
     1
 90
        2
176
     1
 62
     7
176
     1
 90
        3
176
     1
 90
        0
176
     1
 90
        0
176
     1
290
     0
176
     1
 90
        5
176
     1
 40
0.0
176
     1
 90
        0
176
     1
290
     0
176
     1
290
     1
176
     1
290
     1
176
     1
290
     0
176
     1
290
     0
176
     1
290
     0
176
     1
290
     0
176
     1
290
     0
176
     1
290
     0
176
     1
 90
       50
176
     1
 40
0.0
176
     1
 40
1.0
176
     1
 90
        0
176
     1
 62
    18
420
        0
176
     1
 90
       50
176
     1
 90
        3
176
     1
 62
     5
420
      255
176
     1
290
     0
176
     1
 90
       50
176
     1
 90
       50
176
     1
 90
       50
176
     1
290
     0
176
     1
 90
       50
176
     1
 62
   256
176
     0
 40
1.0
176
     0
 90
        2
176
     1
  1
strokes_ogs.tif
176
     1
290
     0
176
     1
 40
1.0
176
     1
 40
1.0
176
     1
  0
VISUALSTYLE
  5
3A
102
{ACAD_REACTORS
330
29
102
}
330
29
100
AcDbVisualStyle
  2
Shades of Gray
 70
    23
177
     3
291
     0
 70
    58
 90
        2
176
     1
 90
        2
176
     1
 90
        3
176
     1
 90
        0
176
     1
 40
0.6
176
     1
 40
30.0
176
     1
 62
     7
420
 16777215
176
     1
 90
        2
176
     1
 90
        2
176
     1
 62
     7
176
     1
 62
     7
176
     1
 90
        1
176
     1
 90
        1
176
     1
 40
40.0
176
     1
 90
        8
176
     1
 62
     7
176
     1
 40
1.0
176
     1
 90
        1
176
     1
 90
        6
176
     1
 90
        2
176
     1
 62
     7
176
     1
 90
        3
176
     1
 90
        0
176
     1
 90
        0
176
     1
290
     0
176
     1
 90
        1
176
     1
 40
0.0
176
     1
 90
        0
176
     1
290
     0
176
     1
290
     1
176
     1
290
     1
176
     1
290
     0
176
     1
290
     0
176
     1
290
     0
176
     1
290
     0
176
     1
290
     0
176
     1
290
     0
176
     1
 90
       50
176
     1
 40
0.0
176
     1
 40
1.0
176
     1
 90
        0
176
     1
 62
    18
420
        0
176
     1
 90
       50
176
     1
 90
        3
176
     1
 62
     5
420
      255
176
     1
290
     0
176
     1
 90
       50
176
     1
 90
       50
176
     1
 90
       50
176
     1
290
     0
176
     1
 90
       50
176
     1
 62
   256
176
     0
 40
1.0
176
     0
 90
        2
176
     1
  1
strokes_ogs.tif
176
     1
290
     0
176
     1
 40
1.0
176
     1
 40
1.0
176
     1
  0
VISUALSTYLE
  5
3B
102
{ACAD_REACTORS
330
29
102
}
330
29
100
AcDbVisualStyle
  2
Sketchy
 70
    24
177
     3
291
     0
 70
    58
 90
        1
176
     1
 90
        2
176
     1
 90
        2
176
     1
 90
        0
176
     1
 40
0.6
176
     1
 40
30.0
176
     1
 62
     7
420
 16777215
176
     1
 90
        2
176
     1
 90
        2
176
     1
 62
     7
176
     1
 62
     7
176
     1
 90
        1
176
     1
 90
        1
176
     1
 40
40.0
176
     1
 90
       11
176
     1
 62
     7
176
     1
 40
1.0
176
     1
 90
        1
176
     1
 90
        6
176
     1
 90
        2
176
     1
 62
     7
176
     1
 90
        6
176
     1
 90
        0
176
     1
 90
        0
176
     1
290
     0
176
     1
 90
        1
176
     1
 40
0.0
176
     1
 90
        0
176
     1
290
     0
176
     1
290
     1
176
     1
290
     1
176
     1
290
     0
176
     1
290
     0
176
     1
290
     0
176
     1
290
     0
176
     1
290
     0
176
     1
290
     0
176
     1
 90
       50
176
     1
 40
0.0
176
     1
 40
1.0
176
     1
 90
        0
176
     1
 62
    18
420
        0
176
     1
 90
       50
176
     1
 90
        3
176
     1
 62
     5
420
      255
176
     1
290
     0
176
     1
 90
       50
176
     1
 90
       50
176
     1
 90
       50
176
     1
290
     0
176
     1
 90
       50
176
     1
 62
   256
176
     0
 40
1.0
176
     0
 90
        2
176
     1
  1
strokes_ogs.tif
176
     1
290
     0
176
     1
 40
1.0
176
     1
 40
1.0
176
     1
  0
VISUALSTYLE
  5
36
102
{ACAD_REACTORS
330
29
102
}
330
29
100
AcDbVisualStyle
  2
Thicken
 70
    13
177
     3
291
     1
 70
    58
 90
        2
176
     1
 90
        2
176
     1
 90
        0
176
     1
 90
        0
176
     1
 40
0.6
176
     1
 40
30.0
176
     1
 62
     7
420
 16777215
176
     1
 90
        1
176
     1
 90
        4
176
     1
 62
     7
176
     1
 62
   257
176
     1
 90
        1
176
     1
 90
        1
176
     1
 40
1.0
176
     1
 90
       12
176
     1
 62
     7
176
     1
 40
1.0
176
     1
 90
        1
176
     1
 90
        6
176
     1
 90
        2
176
     1
 62
     7
176
     1
 90
        5
176
     1
 90
        0
176
     1
 90
        0
176
     1
290
     0
176
     1
 90
        1
176
     1
 40
0.0
176
     1
 90
        0
176
     1
290
     0
176
     1
290
     1
176
     1
290
     1
176
     1
290
     0
176
     1
290
     0
176
     1
290
     0
176
     1
290
     0
176
     1
290
     0
176
     1
290
     0
176
     1
 90
       50
176
     1
 40
0.0
176
     1
 40
1.0
176
     1
 90
        0
176
     1
 62
    18
420
        0
176
     1
 90
       50
176
     1
 90
        3
176
     1
 62
     5
420
      255
176
     1
290
     0
176
     1
 90
       50
176
     1
 90
       50
176
     1
 90
       50
176
     1
290
     0
176
     1
 90
       50
176
     1
 62
   256
176
     0
 40
1.0
176
     0
 90
        2
176
     1
  1
strokes_ogs.tif
176
     1
290
     0
176
     1
 40
1.0
176
     1
 40
1.0
176
     1
  0
VISUALSTYLE
  5
30
102
{ACAD_REACTORS
330
29
102
}
330
29
100
AcDbVisualStyle
  2
Wireframe
 70
     5
177
     3
291
     0
 70
    58
 90
        0
176
     1
 90
        2
176
     1
 90
        0
176
     1
 90
        0
176
     1
 40
0.6
176
     1
 40
30.0
176
     1
 62
     7
420
 16777215
176
     1
 90
        1
176
     1
 90
        4
176
     1
 62
     7
176
     1
 62
   257
176
     1
 90
        1
176
     1
 90
        1
176
     1
 40
1.0
176
     1
 90
        0
176
     1
 62
   257
176
     1
 40
1.0
176
     1
 90
        1
176
     1
 90
        6
176
     1
 90
        2
176
     1
 62
     7
176
     1
 90
        3
176
     1
 90
        0
176
     1
 90
        0
176
     1
290
     0
176
     1
 90
        1
176
     1
 40
0.0
176
     1
 90
        0
176
     1
290
     0
176
     1
290
     1
176
     1
290
     1
176
     1
290
     0
176
     1
290
     0
176
     1
290
     0
176
     1
290
     0
176
     1
290
     0
176
     1
290
     0
176
     1
 90
       50
176
     1
 40
0.0
176
     1
 40
1.0
176
     1
 90
        0
176
     1
 62
    18
420
        0
176
     1
 90
       50
176
     1
 90
        3
176
     1
 62
     5
420
      255
176
     1
290
     0
176
     1
 90
       50
176
     1
 90
       50
176
     1
 90
       50
176
     1
290
     0
176
     1
 90
       50
176
     1
 62
   256
176
     0
 40
1.0
176
     0
 90
        2
176
     1
  1
strokes_ogs.tif
176
     1
290
     0
176
     1
 40
1.0
176
     1
 40
1.0
176
     1
  0
VISUALSTYLE
  5
3C
102
{ACAD_REACTORS
330
29
102
}
330
29
100
AcDbVisualStyle
  2
X-Ray
 70
    25
177
     3
291
     0
 70
    58
 90
        2
176
     1
 90
        2
176
     1
 90
        1
176
     1
 90
        1
176
     1
 40
0.5
176
     1
 40
30.0
176
     1
 62
     7
420
 16777215
176
     1
 90
        1
176
     1
 90
        0
176
     1
 62
     7
176
     1
 62
   257
176
     1
 90
        1
176
     1
 90
        1
176
     1
 40
1.0
176
     1
 90
        8
176
     1
 62
     7
176
     1
 40
1.0
176
     1
 90
        1
176
     1
 90
        6
176
     1
 90
        2
176
     1
 62
     7
176
     1
 90
        3
176
     1
 90
        0
176
     1
 90
        0
176
     1
290
     0
176
     1
 90
       13
176
     1
 40
0.0
176
     1
 90
        0
176
     1
290
     0
176
     1
290
     1
176
     1
290
     1
176
     1
290
     0
176
     1
290
     0
176
     1
290
     0
176
     1
290
     0
176
     1
290
     0
176
     1
290
     0
176
     1
 90
       50
176
     1
 40
0.0
176
     1
 40
1.0
176
     1
 90
        0
176
     1
 62
    18
420
        0
176
     1
 90
       50
176
     1
 90
        3
176
     1
 62
     5
420
      255
176
     1
290
     0
176
     1
 90
       50
176
     1
 90
       50
176
     1
 90
       50
176
     1
290
     0
176
     1
 90
       50
176
     1
 62
   256
176
     0
 40
1.0
176
     0
 90
        2
176
     1
  1
strokes_ogs.tif
176
     1
290
     0
176
     1
 40
1.0
176
     1
 40
1.0
176
     1
  0
DICTIONARYVAR
  5
2E5
102
{ACAD_REACTORS
330
2E0
102
}
330
2E0
100
DictionaryVariables
280
     0
  1
0
  0
DICTIONARYVAR
  5
2E6
102
{ACAD_REACTORS
330
2E0
102
}
330
2E0
100
DictionaryVariables
280
     0
  1
1:1
  0
DICTIONARYVAR
  5
2E2
102
{ACAD_REACTORS
330
2E0
102
}
330
2E0
100
DictionaryVariables
280
     0
  1
STANDARD
  0
DICTIONARYVAR
  5
2E1
102
{ACAD_REACTORS
330
2E0
102
}
330
2E0
100
DictionaryVariables
280
     0
  1
STANDARD
  0
DICTIONARYVAR
  5
2E3
102
{ACAD_REACTORS
330
2E0
102
}
330
2E0
100
DictionaryVariables
280
     0
  1
Imperial24
  0
DICTIONARYVAR
  5
2E4
102
{ACAD_REACTORS
330
2E0
102
}
330
2E0
100
DictionaryVariables
280
     0
  1
Imperial24
  0
DICTIONARY
  5
1A
330
19
100
AcDbDictionary
280
     1
281
     1
  3
BUMPTILE
360
1C
  3
DIFFUSETILE
360
1B
  3
OPACITYTILE
360
1F
  3
REFLECTIONTILE
360
1E
  3
REFRACTIONTILE
360
20
  3
SPECULARTILE
360
1D
  0
DICTIONARY
  5
12
330
11
100
AcDbDictionary
280
     1
281
     1
  3
BUMPTILE
360
14
  3
DIFFUSETILE
360
13
  3
OPACITYTILE
360
17
  3
REFLECTIONTILE
360
16
  3
REFRACTIONTILE
360
18
  3
SPECULARTILE
360
15
  0
DICTIONARY
  5
22
330
21
100
AcDbDictionary
280
     1
281
     1
  3
BUMPTILE
360
24
  3
DIFFUSETILE
360
23
  3
OPACITYTILE
360
27
  3
REFLECTIONTILE
360
26
  3
REFRACTIONTILE
360
28
  3
SPECULARTILE
360
25
  0
DICTIONARY
  5
301
330
65
100
AcDbDictionary
280
     1
281
     1
  3
ACAD_ROUNDTRIP_2008_TABLESTYLE_CELLSTYLEMAP
360
302
  0
XRECORD
  5
1C
102
{ACAD_REACTORS
330
1A
102
}
330
1A
100
AcDbXrecord
280
     1
270
     1
271
     1
  0
XRECORD
  5
1B
102
{ACAD_REACTORS
330
1A
102
}
330
1A
100
AcDbXrecord
280
     1
270
     1
271
     1
  0
XRECORD
  5
1F
102
{ACAD_REACTORS
330
1A
102
}
330
1A
100
AcDbXrecord
280
     1
270
     1
271
     1
  0
XRECORD
  5
1E
102
{ACAD_REACTORS
330
1A
102
}
330
1A
100
AcDbXrecord
280
     1
270
     1
271
     1
  0
XRECORD
  5
20
102
{ACAD_REACTORS
330
1A
102
}
330
1A
100
AcDbXrecord
280
     1
270
     1
271
     1
  0
XRECORD
  5
1D
102
{ACAD_REACTORS
330
1A
102
}
330
1A
100
AcDbXrecord
280
     1
270
     1
271
     1
  0
XRECORD
  5
14
102
{ACAD_REACTORS
330
12
102
}
330
12
100
AcDbXrecord
280
     1
270
     1
271
     1
  0
XRECORD
  5
13
102
{ACAD_REACTORS
330
12
102
}
330
12
100
AcDbXrecord
280
     1
270
     1
271
     1
  0
XRECORD
  5
17
102
{ACAD_REACTORS
330
12
102
}
330
12
100
AcDbXrecord
280
     1
270
     1
271
     1
  0
XRECORD
  5
16
102
{ACAD_REACTORS
330
12
102
}
330
12
100
AcDbXrecord
280
     1
270
     1
271
     1
  0
XRECORD
  5
18
102
{ACAD_REACTORS
330
12
102
}
330
12
100
AcDbXrecord
280
     1
270
     1
271
     1
  0
XRECORD
  5
15
102
{ACAD_REACTORS
330
12
102
}
330
12
100
AcDbXrecord
280
     1
270
     1
271
     1
  0
XRECORD
  5
24
102
{ACAD_REACTORS
330
22
102
}
330
22
100
AcDbXrecord
280
     1
270
     1
271
     1
  0
XRECORD
  5
23
102
{ACAD_REACTORS
330
22
102
}
330
22
100
AcDbXrecord
280
     1
270
     1
271
     1
  0
XRECORD
  5
27
102
{ACAD_REACTORS
330
22
102
}
330
22
100
AcDbXrecord
280
     1
270
     1
271
     1
  0
XRECORD
  5
26
102
{ACAD_REACTORS
330
22
102
}
330
22
100
AcDbXrecord
280
     1
270
     1
271
     1
  0
XRECORD
  5
28
102
{ACAD_REACTORS
330
22
102
}
330
22
100
AcDbXrecord
280
     1
270
     1
271
     1
  0
XRECORD
  5
25
102
{ACAD_REACTORS
330
22
102
}
330
22
100
AcDbXrecord
280
     1
270
     1
271
     1
  0
CELLSTYLEMAP
  5
302
102
{ACAD_REACTORS
330
301
102
}
330
301
100
AcDbCellStyleMap
 90
        3
300
CELLSTYLE
  1
TABLEFORMAT_BEGIN
 90
        5
170
     1
 91
        0
 92
    32768
 62
   257
 93
        1
300
CONTENTFORMAT
  1
CONTENTFORMAT_BEGIN
 90
        0
 91
        0
 92
      512
 93
        0
300
絊㌘翺
 40
0.0
140
1.0
 94
        5
 62
     0
340
55
144
6.0
309
CONTENTFORMAT_END
171
     1
301
MARGIN
  1
CELLMARGIN_BEGIN
 40
1.5
 40
1.5
 40
1.5
 40
1.5
 40
4.5
 40
4.5
309
CELLMARGIN_END
 94
        6
 95
        1
302
GRIDFORMAT
  1
GRIDFORMAT_BEGIN
 90
        0
 91
        1
 62
     0
 92
       -2
340
5B
 93
        0
 40
1.125
309
GRIDFORMAT_END
 95
        2
302
GRIDFORMAT
  1
GRIDFORMAT_BEGIN
 90
        0
 91
        1
 62
     0
 92
       -2
340
5B
 93
        0
 40
1.125
309
GRIDFORMAT_END
 95
        4
302
GRIDFORMAT
  1
GRIDFORMAT_BEGIN
 90
        0
 91
        1
 62
     0
 92
       -2
340
5B
 93
        0
 40
1.125
309
GRIDFORMAT_END
 95
        8
302
GRIDFORMAT
  1
GRIDFORMAT_BEGIN
 90
        0
 91
        1
 62
     0
 92
       -2
340
5B
 93
        0
 40
1.125
309
GRIDFORMAT_END
 95
       16
302
GRIDFORMAT
  1
GRIDFORMAT_BEGIN
 90
        0
 91
        1
 62
     0
 92
       -2
340
5B
 93
        0
 40
1.125
309
GRIDFORMAT_END
 95
       32
302
GRIDFORMAT
  1
GRIDFORMAT_BEGIN
 90
        0
 91
        1
 62
     0
 92
       -2
340
5B
 93
        0
 40
1.125
309
GRIDFORMAT_END
309
TABLEFORMAT_END
  1
CELLSTYLE_BEGIN
 90
        1
 91
        1
300
_TITLE
309
CELLSTYLE_END
300
CELLSTYLE
  1
TABLEFORMAT_BEGIN
 90
        5
170
     1
 91
        0
 92
        0
 62
   257
 93
        1
300
CONTENTFORMAT
  1
CONTENTFORMAT_BEGIN
 90
        0
 91
        0
 92
      512
 93
        0
300
絊㌘翺
 40
0.0
140
1.0
 94
        5
 62
     0
340
55
144
4.5
309
CONTENTFORMAT_END
171
     1
301
MARGIN
  1
CELLMARGIN_BEGIN
 40
1.5
 40
1.5
 40
1.5
 40
1.5
 40
4.5
 40
4.5
309
CELLMARGIN_END
 94
        6
 95
        1
302
GRIDFORMAT
  1
GRIDFORMAT_BEGIN
 90
        0
 91
        1
 62
     0
 92
       -2
340
5B
 93
        0
 40
1.125
309
GRIDFORMAT_END
 95
        2
302
GRIDFORMAT
  1
GRIDFORMAT_BEGIN
 90
        0
 91
        1
 62
     0
 92
       -2
340
5B
 93
        0
 40
1.125
309
GRIDFORMAT_END
 95
        4
302
GRIDFORMAT
  1
GRIDFORMAT_BEGIN
 90
        0
 91
        1
 62
     0
 92
       -2
340
5B
 93
        0
 40
1.125
309
GRIDFORMAT_END
 95
        8
302
GRIDFORMAT
  1
GRIDFORMAT_BEGIN
 90
        0
 91
        1
 62
     0
 92
       -2
340
5B
 93
        0
 40
1.125
309
GRIDFORMAT_END
 95
       16
302
GRIDFORMAT
  1
GRIDFORMAT_BEGIN
 90
        0
 91
        1
 62
     0
 92
       -2
340
5B
 93
        0
 40
1.125
309
GRIDFORMAT_END
 95
       32
302
GRIDFORMAT
  1
GRIDFORMAT_BEGIN
 90
        0
 91
        1
 62
     0
 92
       -2
340
5B
 93
        0
 40
1.125
309
GRIDFORMAT_END
309
TABLEFORMAT_END
  1
CELLSTYLE_BEGIN
 90
        2
 91
        1
300
_HEADER
309
CELLSTYLE_END
300
CELLSTYLE
  1
TABLEFORMAT_BEGIN
 90
        5
170
     1
 91
        0
 92
        0
 62
   257
 93
        1
300
CONTENTFORMAT
  1
CONTENTFORMAT_BEGIN
 90
        0
 91
        0
 92
      512
 93
        0
300
絊㌘翺
 40
0.0
140
1.0
 94
        2
 62
     0
340
55
144
4.5
309
CONTENTFORMAT_END
171
     1
301
MARGIN
  1
CELLMARGIN_BEGIN
 40
1.5
 40
1.5
 40
1.5
 40
1.5
 40
4.5
 40
4.5
309
CELLMARGIN_END
 94
        6
 95
        1
302
GRIDFORMAT
  1
GRIDFORMAT_BEGIN
 90
        0
 91
        1
 62
     0
 92
       -2
340
5B
 93
        0
 40
1.125
309
GRIDFORMAT_END
 95
        2
302
GRIDFORMAT
  1
GRIDFORMAT_BEGIN
 90
        0
 91
        1
 62
     0
 92
       -2
340
5B
 93
        0
 40
1.125
309
GRIDFORMAT_END
 95
        4
302
GRIDFORMAT
  1
GRIDFORMAT_BEGIN
 90
        0
 91
        1
 62
     0
 92
       -2
340
5B
 93
        0
 40
1.125
309
GRIDFORMAT_END
 95
        8
302
GRIDFORMAT
  1
GRIDFORMAT_BEGIN
 90
        0
 91
        1
 62
     0
 92
       -2
340
5B
 93
        0
 40
1.125
309
GRIDFORMAT_END
 95
       16
302
GRIDFORMAT
  1
GRIDFORMAT_BEGIN
 90
        0
 91
        1
 62
     0
 92
       -2
340
5B
 93
        0
 40
1.125
309
GRIDFORMAT_END
 95
       32
302
GRIDFORMAT
  1
GRIDFORMAT_BEGIN
 90
        0
 91
        1
 62
     0
 92
       -2
340
5B
 93
        0
 40
1.125
309
GRIDFORMAT_END
309
TABLEFORMAT_END
  1
CELLSTYLE_BEGIN
 90
        3
 91
        2
300
_DATA
309
CELLSTYLE_END
  0
ENDSEC
  0
EOF
